Timestamp,PM2.5 (µg/m³),PM10 (µg/m³),NO (µg/m³),NO2 (µg/m³),NOx (ppb),NH3 (µg/m³),SO2 (µg/m³),CO (mg/m³),Ozone (µg/m³),Benzene (µg/m³),Toluene (µg/m³),Xylene (µg/m³),O Xylene (µg/m³),Eth-Benzene (µg/m³),MP-Xylene (µg/m³),AT (°C),RH (%),WS (m/s),WD (deg),RF (mm),TOT-RF (mm),SR (W/mt2),BP (mmHg),VWS (m/s)
2021-01-01 00:00:00,240.74,295.02,123.1,136.74,13.64,170.18,5.81,3.14,1.0,3.72,25.41,23.67,,18.84,8.85,21.69,79.19,,337.46,0.0,0.0,,852.8,
2021-01-01 00:15:00,245.79,303.59,125.78,136.53,10.76,170.45,6.18,3.18,1.0,3.74,25.3,23.5,,18.97,8.78,21.61,79.47,,101.25,0.0,0.0,,853.1,
2021-01-01 00:30:00,259.86,320.05,123.27,132.09,8.89,166.76,6.19,3.16,1.0,3.7,25.1,23.33,,18.82,8.68,21.61,79.39,,7.37,0.0,0.0,,853.1,
2021-01-01 00:45:00,270.27,330.49,130.51,133.74,3.3,169.51,6.29,3.19,1.0,3.69,24.9,23.11,,18.91,8.71,21.5,80.79,,257.83,0.0,0.0,,853.0,
2021-01-01 01:00:00,266.68,325.41,111.45,121.94,10.49,153.54,6.1,3.21,1.0,3.71,24.95,24.2,,19.23,8.74,21.4,81.61,,1.38,0.0,0.0,,853.1,
2021-01-01 01:15:00,263.58,318.21,134.37,138.61,4.24,173.72,6.05,3.17,1.0,3.7,24.51,23.87,,18.78,8.52,21.29,82.16,,353.68,0.0,0.0,,852.9,
2021-01-01 01:30:00,248.07,297.51,127.97,132.5,4.54,166.25,6.28,3.14,1.0,3.63,23.79,23.38,,18.25,8.31,21.23,83.58,,234.9,0.0,0.0,,852.7,
2021-01-01 01:45:00,239.88,287.91,128.58,131.5,3.0,165.5,6.58,3.12,0.46,3.62,23.42,23.22,,18.19,8.11,21.14,84.81,,339.17,0.0,0.0,,853.0,
2021-01-01 02:00:00,251.96,302.07,140.09,137.19,0.0,173.52,5.64,3.06,1.0,3.61,23.16,23.73,,18.22,8.09,21.05,85.56,,327.58,0.0,0.0,,852.9,
2021-01-01 02:15:00,267.56,320.26,143.72,141.33,0.46,177.18,5.32,2.97,1.0,3.64,23.1,23.77,,18.06,8.07,21.01,85.48,,24.27,0.0,0.0,,852.9,
2021-01-01 02:30:00,272.11,325.86,144.52,142.57,0.01,177.74,4.46,2.86,1.0,3.64,22.71,24.05,,18.05,7.91,20.97,86.39,,355.94,0.0,0.0,,853.2,
2021-01-01 02:45:00,278.99,333.47,150.52,145.62,0.0,180.91,4.37,2.51,1.0,3.64,22.33,24.5,,17.78,7.7,20.89,86.76,,312.11,0.0,0.0,,853.0,
2021-01-01 03:00:00,273.35,327.75,146.92,141.52,0.0,176.78,4.16,2.43,1.0,3.65,21.97,24.91,,17.75,7.63,20.79,88.07,,23.42,0.0,0.0,,853.1,
2021-01-01 03:15:00,249.81,299.87,130.27,129.5,0.23,164.11,3.69,2.43,1.0,3.63,21.65,25.4,,17.79,7.54,20.77,88.0,,326.93,0.0,0.0,,853.2,
2021-01-01 03:30:00,228.95,275.32,123.64,125.02,1.76,157.82,3.67,2.34,1.0,3.62,21.26,25.56,,17.65,7.41,20.74,88.52,,351.8,0.0,0.0,,853.3,
2021-01-01 03:45:00,214.34,259.06,128.78,127.0,0.04,160.79,3.83,2.27,1.0,3.58,20.99,25.24,,17.37,7.21,20.65,89.86,,320.29,0.0,0.0,,853.1,
2021-01-01 04:00:00,204.61,247.08,122.92,123.0,0.23,154.35,5.27,2.23,1.0,3.61,20.72,25.09,,17.12,7.14,20.59,90.14,,51.5,0.0,0.0,,853.0,
2021-01-01 04:15:00,196.04,236.7,107.15,111.11,3.97,141.25,5.48,2.2,1.0,3.62,20.39,24.82,,16.94,7.07,20.49,90.61,,15.6,0.0,0.0,,853.0,
2021-01-01 04:30:00,186.45,225.37,91.05,99.96,8.92,127.41,5.32,2.15,1.0,3.64,20.23,25.1,,16.75,6.9,20.38,90.32,,10.88,0.0,0.0,,853.0,
2021-01-01 04:45:00,184.78,222.23,98.0,104.08,6.08,132.26,5.23,2.11,1.0,3.6,19.95,24.85,,16.72,6.78,20.33,90.99,,69.19,0.0,0.0,,852.9,
2021-01-01 05:00:00,193.58,231.71,129.34,125.79,0.8,158.22,5.67,2.06,1.0,3.61,19.72,24.61,,16.74,6.74,20.2,90.48,,103.0,0.0,0.0,,853.0,
2021-01-01 05:15:00,203.26,243.04,128.43,125.41,0.0,157.93,6.74,1.98,1.0,3.57,19.45,24.82,,16.76,6.61,20.18,90.8,,15.99,0.0,0.0,,852.9,
2021-01-01 05:30:00,228.17,271.34,126.07,122.47,0.0,155.26,7.68,1.92,1.0,3.59,19.3,24.77,,16.75,6.67,20.13,91.2,,327.59,0.0,0.0,,852.9,
2021-01-01 05:45:00,255.17,303.2,110.16,112.47,2.57,143.69,8.49,1.9,2.0,3.62,19.18,25.14,,16.86,6.53,20.08,91.93,,318.57,0.0,0.0,,853.0,
2021-01-01 06:00:00,249.97,297.84,82.44,93.12,10.68,119.64,5.55,1.94,1.0,3.61,19.08,24.99,,16.85,6.55,20.03,92.18,,25.25,0.0,0.0,,853.0,
2021-01-01 06:15:00,239.01,284.96,71.58,85.2,13.62,111.91,6.13,2.37,1.0,3.61,19.02,24.59,,16.9,6.45,19.99,92.47,,357.33,0.0,0.0,,853.0,
2021-01-01 06:30:00,228.13,273.47,60.85,79.66,18.81,105.32,6.16,2.54,1.0,3.59,19.07,24.88,,17.24,6.55,20.04,91.41,,112.79,0.0,0.0,,852.9,
2021-01-01 06:45:00,209.19,252.5,77.16,89.36,12.2,114.62,6.08,2.56,1.0,3.62,19.19,25.46,,17.67,6.59,20.22,90.28,,20.2,0.0,0.0,,852.8,
2021-01-01 07:00:00,215.14,262.8,64.0,81.52,17.52,108.38,6.36,2.55,1.0,3.63,19.34,26.55,,18.27,6.65,20.46,89.69,,14.25,0.0,0.0,,852.9,
2021-01-01 07:15:00,280.99,343.83,66.89,81.41,14.52,108.41,6.05,2.51,1.0,3.69,19.65,26.3,,18.77,6.81,20.41,89.78,,23.18,0.0,0.0,,853.0,
2021-01-01 07:30:00,386.1,469.27,79.51,91.47,11.95,119.17,6.0,2.47,1.0,3.76,19.66,26.43,,18.87,6.77,20.44,90.26,,319.42,0.0,0.0,,853.0,
2021-01-01 07:45:00,405.3,492.66,65.73,82.85,17.13,108.51,6.23,2.48,1.0,3.81,19.46,25.87,,18.85,6.63,20.75,89.42,,124.62,0.0,0.0,,853.0,
2021-01-01 08:00:00,395.0,480.63,49.63,72.83,23.2,98.15,5.16,2.52,1.0,3.84,19.25,25.87,,18.68,6.56,21.34,85.61,,147.57,0.0,0.0,,853.0,
2021-01-01 08:15:00,366.21,445.4,49.12,73.68,24.56,101.71,5.05,2.47,1.0,3.88,19.15,25.09,,18.39,6.56,22.12,81.81,,304.85,0.0,0.0,,853.2,
2021-01-01 08:30:00,248.06,304.79,34.29,66.35,32.05,95.55,4.16,2.3,1.0,3.99,19.08,24.95,,18.52,6.54,22.77,77.45,,296.92,0.0,0.0,,853.3,
2021-01-01 08:45:00,162.81,203.56,37.26,71.08,33.82,100.04,3.78,1.9,1.0,4.01,18.97,24.31,,18.23,6.43,23.39,74.28,0.01,328.02,0.0,0.0,,853.4,
2021-01-01 09:00:00,152.4,192.28,44.85,77.73,32.88,107.2,3.38,1.8,1.0,3.98,18.7,24.03,,17.66,6.25,24.48,70.37,,251.96,0.0,0.0,,853.5,
2021-01-01 09:15:00,168.31,211.78,33.15,71.33,38.18,96.91,2.89,1.78,1.0,3.97,18.41,23.59,,17.29,6.25,24.71,68.98,,256.35,0.0,0.0,,853.5,
2021-01-01 09:30:00,185.82,234.14,24.89,66.29,41.41,90.1,2.8,1.76,1.0,3.92,18.21,22.78,,17.31,6.17,25.66,64.26,,147.38,0.0,0.0,,853.6,
2021-01-01 09:45:00,190.72,242.18,6.22,47.04,40.81,66.54,3.24,1.72,4.0,3.96,18.09,23.14,,17.13,6.08,25.57,62.08,0.02,134.4,0.0,0.0,,853.7,
2021-01-01 10:00:00,175.05,223.19,5.98,43.85,37.87,62.69,5.75,1.67,6.0,3.89,18.02,22.38,,16.83,5.96,26.07,59.96,0.03,116.67,0.0,0.0,,853.4,
2021-01-01 10:15:00,151.4,195.14,4.74,42.06,37.33,60.57,6.19,1.6,8.0,3.78,17.53,21.91,,16.46,5.87,26.55,58.0,0.06,125.61,0.0,0.0,,853.6,
2021-01-01 10:30:00,124.5,162.67,1.19,37.45,36.27,54.8,6.02,1.54,12.0,3.66,17.11,21.23,,15.96,5.59,27.37,54.87,,72.94,0.0,0.0,,853.9,
2021-01-01 10:45:00,112.36,147.23,2.2,34.58,32.38,50.24,6.32,1.41,17.0,3.53,16.42,20.58,,15.27,5.34,27.36,54.26,0.48,125.69,0.0,0.0,,853.7,
2021-01-01 11:00:00,107.92,142.09,4.09,34.05,29.96,49.89,6.17,1.32,21.0,3.38,15.71,20.15,,14.7,5.14,27.82,53.29,0.81,116.61,0.0,0.0,,853.8,
2021-01-01 11:15:00,107.94,143.5,4.67,34.69,30.01,51.06,6.38,1.17,25.0,3.2,15.08,19.08,,14.15,4.94,27.79,54.31,0.82,113.6,0.0,0.0,,853.8,
2021-01-01 11:30:00,113.49,152.98,2.31,33.64,31.33,51.01,7.26,1.09,28.0,3.03,14.34,18.15,,13.38,4.62,28.62,52.77,0.24,120.7,0.0,0.0,,854.0,
2021-01-01 11:45:00,120.8,163.33,2.11,33.9,31.79,51.42,7.88,1.08,31.0,2.8,13.26,17.28,,12.46,4.2,29.46,50.84,0.03,89.04,0.0,0.0,,854.3,
2021-01-01 12:00:00,123.76,168.76,2.69,31.89,29.2,48.12,6.0,1.05,35.0,2.64,12.5,16.64,,11.98,4.05,29.63,49.73,0.2,122.77,0.0,0.0,,854.0,
2021-01-01 12:15:00,123.95,170.55,2.58,29.96,27.63,46.23,6.45,1.02,32.0,2.56,12.29,16.22,,11.67,3.9,30.04,48.05,0.26,121.55,0.0,0.0,,854.1,
2021-01-01 12:30:00,126.48,172.4,1.41,29.89,28.52,46.55,6.42,0.96,35.0,2.46,11.75,16.13,,11.57,3.8,30.35,47.11,0.04,194.86,0.0,0.0,,854.1,
2021-01-01 12:45:00,130.32,177.26,2.53,35.64,33.16,52.39,6.16,0.97,42.0,2.34,11.28,15.45,,11.5,3.72,30.42,49.94,,245.21,0.0,0.0,,854.2,
2021-01-01 13:00:00,135.66,183.45,,,32.79,20.2,6.14,0.92,51.0,2.24,10.84,15.03,,11.13,3.59,,,,256.91,,0.0,,,
2021-01-01 13:15:00,137.44,184.42,3.56,32.62,29.06,49.82,5.84,0.86,52.0,2.17,10.66,15.03,,11.33,3.6,30.46,48.12,,262.65,0.0,0.0,,854.2,
2021-01-01 13:30:00,131.16,176.53,4.37,28.17,32.54,19.24,5.9,0.83,63.0,2.16,10.56,15.16,,11.43,3.58,29.73,49.53,1.05,269.23,0.0,0.0,,854.1,
2021-01-01 13:45:00,123.59,165.57,2.06,30.59,28.53,46.94,6.14,0.77,65.0,2.08,10.4,14.94,,11.65,3.62,29.71,49.89,1.18,259.81,0.0,0.0,,854.2,
2021-01-01 14:00:00,109.6,147.3,1.01,30.9,30.0,47.18,5.09,0.78,62.0,2.04,10.2,14.78,,11.63,3.56,29.84,49.17,0.5,269.07,0.0,0.0,,854.0,
2021-01-01 14:15:00,93.81,126.54,2.43,28.79,31.23,20.15,5.54,0.75,70.0,2.0,10.05,14.65,,11.8,3.55,29.54,50.16,0.67,276.1,0.0,0.0,,854.0,
2021-01-01 14:30:00,82.54,110.68,3.25,30.34,27.1,47.1,4.45,0.72,72.0,1.97,9.84,14.3,,11.64,3.48,29.3,51.92,0.63,271.58,0.0,0.0,,854.2,
2021-01-01 14:45:00,78.44,105.2,2.17,30.13,27.96,46.92,3.25,0.7,69.0,2.01,9.53,14.0,,11.29,3.33,28.87,53.78,0.69,269.32,0.0,0.0,,854.1,
2021-01-01 15:00:00,76.59,103.75,4.42,31.53,27.11,48.98,2.32,0.63,52.0,2.08,8.8,12.74,,10.56,3.04,28.78,54.89,0.18,270.2,0.0,0.0,,854.1,
2021-01-01 15:15:00,74.32,100.7,2.63,30.01,27.37,45.49,1.52,0.61,44.0,2.15,8.25,11.96,,10.16,2.88,28.39,54.48,0.08,278.71,0.0,0.0,,853.9,
2021-01-01 15:30:00,71.97,99.11,3.85,30.51,26.65,46.33,0.89,0.61,40.0,2.11,7.89,11.5,,9.66,2.8,28.22,55.44,0.22,267.99,0.0,0.0,,854.2,
2021-01-01 15:45:00,69.62,97.42,1.98,28.92,26.94,44.8,0.78,0.56,38.0,2.01,7.53,10.69,,9.39,2.67,28.56,54.54,0.53,268.03,0.0,0.0,,854.2,
2021-01-01 16:00:00,67.03,95.06,2.08,29.37,27.29,44.6,4.77,0.52,36.0,1.92,7.21,10.6,,9.13,2.52,28.16,56.16,0.31,255.79,0.0,0.0,,854.2,
2021-01-01 16:15:00,69.9,99.97,2.73,31.34,28.61,48.06,5.32,0.48,40.0,1.79,6.81,9.9,,8.81,2.38,27.9,58.82,0.24,274.34,0.0,0.0,,854.1,
2021-01-01 16:30:00,76.4,109.25,2.41,31.34,28.92,48.06,4.7,0.47,36.0,1.7,6.44,9.39,,8.42,2.32,28.11,57.2,0.03,259.39,0.0,0.0,,854.2,
2021-01-01 16:45:00,80.83,114.69,5.01,33.15,28.14,50.61,4.55,0.45,32.0,1.6,6.23,9.18,,8.42,2.27,27.63,62.23,0.01,279.75,0.0,0.0,,854.1,
2021-01-01 17:00:00,85.47,119.56,2.44,35.21,32.77,54.05,4.53,0.42,31.0,1.55,6.1,9.14,,8.39,2.29,27.55,62.38,0.04,241.61,0.0,0.0,,853.9,
2021-01-01 17:15:00,90.07,124.29,4.07,37.12,33.06,56.19,4.07,0.43,31.0,1.5,6.09,8.81,,8.4,2.35,27.48,61.64,0.03,336.74,0.0,0.0,,853.9,
2021-01-01 17:30:00,94.67,130.18,4.57,37.59,33.02,57.37,4.42,0.41,29.0,1.49,6.1,8.94,,8.42,2.4,27.21,60.9,0.05,270.62,0.0,0.0,,853.9,
2021-01-01 17:45:00,94.45,129.13,6.6,40.21,33.61,58.42,5.09,0.43,25.0,1.51,6.2,8.8,,8.41,2.4,26.9,62.16,,298.23,0.0,0.0,,853.8,
2021-01-01 18:00:00,91.76,125.81,4.53,42.35,37.98,62.36,5.16,0.46,19.0,1.54,6.49,8.95,,8.45,2.45,26.57,64.18,,309.76,0.0,0.0,,854.0,
2021-01-01 18:15:00,88.15,121.16,4.11,41.85,37.86,59.85,5.6,0.52,22.0,1.57,6.82,9.18,,8.47,2.5,26.24,66.49,0.01,304.12,0.0,0.0,,853.8,
2021-01-01 18:30:00,81.52,111.32,3.13,40.45,37.57,59.71,5.4,0.63,20.0,1.63,7.24,9.43,,8.49,2.52,25.95,68.06,,321.27,0.0,0.0,,853.7,
2021-01-01 18:45:00,77.73,105.87,1.87,41.35,39.47,61.19,5.62,0.65,16.0,1.64,7.58,9.98,,8.64,2.72,25.72,69.52,,304.75,0.0,0.0,,853.6,
2021-01-01 19:00:00,79.56,107.05,4.67,43.73,39.06,62.27,5.29,0.68,15.0,1.68,7.72,10.37,,8.72,2.81,25.52,70.94,,333.11,0.0,0.0,,853.6,
2021-01-01 19:15:00,78.39,103.93,4.56,43.27,38.71,63.42,5.21,0.71,13.0,1.73,7.9,10.69,,8.71,2.86,25.41,72.31,,309.95,0.0,0.0,,853.7,
2021-01-01 19:30:00,80.15,104.93,5.02,45.4,40.39,65.93,5.36,0.72,10.0,1.76,8.35,10.8,,8.89,2.99,25.23,73.46,,325.41,0.0,0.0,,853.6,
2021-01-01 19:45:00,82.21,107.61,7.51,48.78,41.27,69.46,5.52,0.75,6.0,1.81,8.66,11.08,,8.79,3.04,25.09,74.39,,328.5,0.0,0.0,,853.6,
2021-01-01 20:00:00,85.71,111.1,6.75,46.89,40.14,67.4,4.87,0.83,7.0,1.87,9.15,11.39,,8.97,3.17,25.09,74.61,,331.81,0.0,0.0,,853.6,
2021-01-01 20:15:00,90.57,117.54,6.33,48.57,42.24,69.16,4.87,1.08,3.0,1.9,9.32,11.46,,8.97,3.25,24.84,76.37,,340.24,0.0,0.0,,853.5,
2021-01-01 20:30:00,99.25,129.15,10.55,53.64,43.09,75.41,4.66,1.52,2.0,1.98,9.92,12.0,,9.21,3.48,24.82,77.05,,351.53,0.0,0.0,,853.5,
2021-01-01 20:45:00,104.74,136.71,7.08,49.79,42.71,71.8,4.36,1.65,3.0,2.02,10.37,12.16,,9.27,3.58,24.81,78.24,,84.4,0.0,0.0,,853.5,
2021-01-01 21:00:00,110.84,143.98,42.34,77.12,34.78,103.96,3.65,1.64,1.0,2.12,11.1,12.45,,9.41,3.8,24.73,77.89,,175.97,0.0,0.0,,853.4,
2021-01-01 21:15:00,117.31,152.01,47.97,82.99,35.02,110.39,3.01,1.71,1.0,2.15,11.4,13.05,,9.49,3.98,24.65,78.35,,284.04,0.0,0.0,,853.5,
2021-01-01 21:30:00,123.86,160.73,55.51,88.35,32.85,116.82,2.76,1.81,1.0,2.23,11.72,12.91,,9.6,4.08,24.54,78.84,,245.75,0.0,0.0,,853.5,
2021-01-01 21:45:00,128.84,166.93,40.42,76.99,36.58,103.55,2.71,1.84,1.0,2.26,11.95,13.0,,9.65,4.07,24.55,79.04,,349.53,0.0,0.0,,853.6,
2021-01-01 22:00:00,134.27,174.63,19.71,62.39,42.68,87.69,5.14,1.84,1.0,2.33,12.28,13.31,,9.85,4.21,24.61,78.23,,282.61,0.0,0.0,,853.6,
2021-01-01 22:15:00,129.16,169.09,4.23,47.45,43.26,71.11,5.26,1.93,4.0,2.39,12.57,14.03,,10.12,4.49,24.66,77.72,,177.39,0.0,0.0,,853.5,
2021-01-01 22:30:00,121.84,160.25,2.87,43.39,40.52,65.9,4.9,2.0,5.0,2.43,12.73,14.18,,10.31,4.48,24.55,78.1,,247.07,0.0,0.0,,853.6,
2021-01-01 22:45:00,116.92,154.21,17.31,55.6,38.29,78.33,5.2,1.96,3.0,2.48,12.91,13.6,,10.28,4.5,24.57,78.39,,147.7,0.0,0.0,,853.6,
2021-01-01 23:00:00,120.05,158.1,21.15,39.58,60.74,25.96,5.41,1.9,1.0,2.47,12.97,12.99,,10.19,4.37,24.48,78.79,,332.45,0.0,0.0,,853.4,
2021-01-01 23:15:00,121.19,158.12,20.89,40.27,61.17,26.3,5.17,1.95,1.0,2.45,12.93,13.26,,10.14,4.48,24.37,79.09,,199.88,0.0,0.0,,853.4,
2021-01-01 23:30:00,128.24,166.73,21.42,38.99,60.41,26.8,4.93,1.94,1.0,2.47,13.07,13.51,,10.41,4.55,24.36,78.88,,154.51,0.0,0.0,,853.3,
2021-01-01 23:45:00,,,,,,,,,,,,,,,,,,,,,0.0,,,
2021-01-02 00:00:00,139.97,180.47,23.23,56.75,33.52,27.33,5.84,1.39,1.65,2.5,13.34,13.05,,10.2,4.4,24.08,80.77,,225.15,0.0,0.0,,853.4,
2021-01-02 00:15:00,139.42,180.07,21.28,55.12,33.84,25.15,6.43,1.39,0.84,2.48,13.33,12.95,,10.24,4.29,23.78,82.31,,339.04,0.0,0.0,,853.3,
2021-01-02 00:30:00,138.69,179.14,21.58,54.81,33.23,25.35,6.63,1.42,0.63,2.5,13.43,13.38,,10.42,4.32,23.59,83.98,,178.35,0.0,0.0,,853.1,
2021-01-02 00:45:00,133.67,173.15,17.72,50.99,33.28,24.44,6.63,1.46,1.27,2.45,13.19,12.95,,10.14,4.3,23.59,85.2,,35.6,0.0,0.0,,853.3,
2021-01-02 01:00:00,124.39,159.67,26.17,56.38,30.21,26.1,6.44,1.44,1.18,2.43,13.16,13.12,,10.46,4.37,23.71,85.71,,9.11,0.0,0.0,,853.4,
2021-01-02 01:15:00,117.17,150.41,32.1,59.24,27.14,26.91,6.65,1.44,0.99,2.45,13.2,13.24,,10.36,4.34,23.48,86.97,,134.93,0.0,0.0,,853.4,
2021-01-02 01:30:00,121.25,152.99,77.52,90.8,13.28,29.8,6.77,1.43,1.33,2.4,12.95,13.11,,10.08,4.21,23.24,86.45,,91.4,0.0,0.0,,853.4,
2021-01-02 01:45:00,127.0,158.17,72.3,87.16,14.86,30.73,6.67,1.46,1.07,2.42,13.18,13.51,,10.51,4.35,23.19,86.89,,188.18,0.0,0.0,,853.2,
2021-01-02 02:00:00,144.19,178.38,71.57,86.16,14.59,30.74,4.99,1.49,0.61,2.43,13.03,13.27,,10.38,4.29,22.99,88.34,,21.02,0.0,0.0,,853.5,
2021-01-02 02:15:00,158.71,195.51,66.01,81.12,15.11,29.25,4.93,1.46,0.49,2.4,12.92,13.4,,10.35,4.26,22.85,89.49,,321.78,0.0,0.0,,853.2,
2021-01-02 02:30:00,171.87,210.12,58.38,77.11,18.73,29.44,4.79,1.43,1.74,2.4,13.09,13.76,,10.55,4.34,22.74,91.3,,311.52,0.0,0.0,,853.4,
2021-01-02 02:45:00,171.01,209.62,52.19,72.54,20.35,28.2,4.99,1.41,1.1,2.42,13.25,14.1,,10.72,4.27,22.63,91.38,,125.13,0.0,0.0,,853.2,
2021-01-02 03:00:00,163.05,199.71,57.32,76.37,19.05,30.23,4.14,1.4,0.95,2.39,13.11,13.59,,10.65,4.32,22.58,90.12,0.01,255.91,0.0,0.0,,853.2,
2021-01-02 03:15:00,149.77,183.52,35.11,59.4,24.29,27.16,3.38,1.43,0.51,2.4,13.07,13.56,,10.67,4.22,22.54,89.78,,30.38,0.0,0.0,,853.2,
2021-01-02 03:30:00,136.29,166.14,39.33,63.03,23.7,26.1,2.98,1.39,0.76,2.37,12.96,13.38,,10.51,4.22,22.39,90.57,,320.69,0.0,0.0,,853.4,
2021-01-02 03:45:00,129.68,158.16,45.35,67.93,22.58,26.99,2.9,1.35,1.08,2.37,12.8,12.97,,10.44,4.12,22.39,90.87,,323.77,0.0,0.0,,853.4,
2021-01-02 04:00:00,130.51,160.5,45.31,67.12,21.81,28.32,5.05,1.29,1.05,2.38,12.72,12.87,,10.22,4.05,22.48,91.39,,62.08,0.0,0.0,,853.1,
2021-01-02 04:15:00,135.04,164.92,51.59,71.25,19.67,28.3,5.09,1.27,1.34,2.36,12.82,12.89,,10.27,3.97,22.68,90.0,,20.41,0.0,0.0,,853.2,
2021-01-02 04:30:00,140.19,172.76,33.24,59.72,26.48,26.19,5.0,1.25,0.74,2.39,12.72,12.62,,10.18,3.94,22.85,89.67,,325.14,0.0,0.0,,853.3,
2021-01-02 04:45:00,143.0,177.64,18.38,49.88,31.5,26.31,5.05,1.22,0.63,2.39,12.61,12.61,,10.09,3.88,22.89,89.73,,245.31,0.0,0.0,,853.3,
2021-01-02 05:00:00,146.09,181.74,4.05,38.06,34.01,25.35,5.45,1.18,1.23,2.39,12.53,12.49,,10.15,3.86,23.16,86.0,,306.99,0.0,0.0,,853.4,
2021-01-02 05:15:00,141.46,176.2,6.95,38.26,31.31,25.16,5.11,1.14,1.37,2.4,12.6,12.36,,10.18,3.81,23.01,86.65,,287.88,0.0,0.0,,853.4,
2021-01-02 05:30:00,137.93,173.82,6.03,37.09,31.06,24.39,5.19,1.18,1.15,2.43,12.75,12.58,,10.14,3.86,22.83,88.06,,133.12,0.0,0.0,,853.2,
2021-01-02 05:45:00,140.99,177.03,38.9,60.84,21.94,27.37,5.34,1.17,0.85,2.43,12.89,12.1,,10.13,3.84,22.69,88.58,,137.12,0.0,0.0,,853.2,
2021-01-02 06:00:00,147.56,183.61,37.49,61.38,23.89,28.12,5.98,1.11,0.94,2.45,12.99,12.23,,10.03,3.77,22.7,88.63,,136.64,0.0,0.0,,853.2,
2021-01-02 06:15:00,161.71,199.46,29.2,57.43,28.23,27.06,7.31,1.05,0.95,2.46,13.09,11.88,,9.93,3.79,22.84,87.63,,117.06,0.0,0.0,,853.2,
2021-01-02 06:30:00,200.18,247.11,26.7,55.78,29.07,25.56,7.31,1.06,0.96,2.47,12.99,12.06,,9.94,3.79,22.91,86.9,,142.12,0.0,0.0,,853.1,
2021-01-02 06:45:00,229.35,282.76,24.5,53.44,28.94,26.07,7.71,1.07,1.72,2.47,12.93,12.44,,10.04,3.77,22.95,85.46,,166.09,0.0,0.0,,853.2,
2021-01-02 07:00:00,251.68,312.93,23.74,53.03,29.29,25.37,7.8,1.09,1.32,2.49,13.0,12.64,,10.22,3.81,22.93,85.84,,203.37,0.0,0.0,,853.2,
2021-01-02 07:15:00,273.92,340.35,21.58,51.37,29.8,25.79,7.98,1.08,1.36,2.56,12.89,12.62,,10.21,3.82,22.78,87.07,,180.1,0.0,0.0,,852.9,
2021-01-02 07:30:00,281.86,348.17,22.84,51.64,28.8,26.26,7.94,1.14,1.09,2.56,12.82,12.53,,10.18,3.75,22.75,87.57,,113.26,0.0,0.0,,853.1,
2021-01-02 07:45:00,274.66,339.56,32.61,57.61,25.0,27.27,8.32,1.22,0.77,2.64,12.98,13.02,,10.41,3.84,22.87,86.74,,100.08,0.0,0.0,,853.3,
2021-01-02 08:00:00,249.35,306.53,24.52,53.84,29.33,25.17,5.2,1.4,0.88,2.73,13.17,13.32,,10.46,3.86,23.02,84.72,,121.65,0.0,0.0,,853.1,
2021-01-02 08:15:00,211.93,260.67,18.47,50.08,31.61,25.65,4.92,1.76,1.33,2.76,13.12,13.41,,10.32,3.81,23.15,83.88,,129.24,0.0,0.0,,853.3,
2021-01-02 08:30:00,166.53,206.77,11.99,45.29,33.3,24.12,4.87,1.82,1.12,2.78,13.01,13.79,,10.27,3.78,23.32,82.53,0.06,141.41,0.0,0.0,,853.2,
2021-01-02 08:45:00,133.71,166.69,10.69,43.66,32.97,24.32,4.97,1.82,1.73,2.85,13.27,14.19,,10.54,3.88,23.57,81.53,,126.68,0.0,0.0,,853.2,
2021-01-02 09:00:00,125.66,156.63,12.53,47.0,34.47,25.63,4.45,1.76,2.19,2.9,13.12,14.28,,10.43,3.81,23.8,80.46,0.01,115.32,0.0,0.0,,853.1,
2021-01-02 09:15:00,140.83,175.26,10.57,46.6,36.03,25.58,3.9,1.78,2.26,2.88,13.16,14.27,,10.42,3.77,24.04,79.08,,112.21,0.0,0.0,,853.1,
2021-01-02 09:30:00,158.29,196.08,9.32,45.98,36.67,25.45,3.62,1.76,3.59,2.88,13.25,13.78,,10.29,3.67,24.79,75.83,0.03,96.12,0.0,0.0,,853.4,
2021-01-02 09:45:00,174.28,216.4,7.08,43.76,36.68,24.56,3.28,1.7,5.06,2.94,13.13,13.81,,10.2,3.64,25.58,73.04,0.01,129.11,0.0,0.0,,853.5,
2021-01-02 10:00:00,185.97,232.09,7.88,44.43,36.55,25.22,5.47,1.71,5.83,2.98,13.27,14.05,,10.15,3.59,26.18,70.87,,138.1,0.0,0.0,,853.8,
2021-01-02 10:15:00,200.84,249.9,6.58,43.92,37.34,25.36,5.96,1.75,6.92,3.08,13.07,14.33,,9.68,3.38,26.63,68.04,,186.76,0.0,0.0,,853.6,
2021-01-02 10:30:00,215.76,268.58,5.72,42.71,36.98,24.89,5.9,1.66,8.89,3.67,11.76,14.64,,7.44,2.37,26.8,67.43,,172.64,0.0,0.0,,853.7,
2021-01-02 10:45:00,224.79,279.7,3.83,39.43,35.87,23.48,6.0,1.22,11.33,3.82,11.45,14.11,,7.35,2.27,27.3,65.71,0.09,261.92,0.0,0.0,,853.9,
2021-01-02 11:00:00,220.66,274.64,3.89,35.21,31.32,23.99,6.05,1.01,13.16,3.79,11.29,13.57,,7.39,2.33,27.54,64.47,,158.53,0.0,0.0,,853.7,
2021-01-02 11:15:00,201.09,251.17,1.78,31.3,29.53,21.4,5.57,0.91,19.04,3.76,10.56,12.58,,7.16,2.23,27.8,62.05,0.09,249.93,0.0,0.0,,853.9,
2021-01-02 11:30:00,171.59,214.48,4.46,33.68,29.22,22.2,5.37,0.84,21.51,3.66,10.06,11.47,,7.01,2.11,27.31,69.29,,272.62,0.0,0.0,,853.9,
2021-01-02 11:45:00,158.25,198.65,4.96,33.91,28.95,22.96,5.42,0.77,21.79,3.55,9.66,11.0,,7.02,2.07,27.75,66.98,0.11,261.34,0.0,0.0,,854.0,
2021-01-02 12:00:00,136.29,171.6,4.39,29.84,34.23,23.62,5.78,0.79,26.25,3.49,9.21,10.37,,6.78,2.05,26.91,72.19,0.8,265.51,0.0,0.0,,853.8,
2021-01-02 12:15:00,128.76,162.0,,,,,8.76,0.9,26.92,3.43,8.86,9.76,,6.71,1.93,27.11,71.2,0.16,265.68,0.0,0.0,,853.7,
2021-01-02 12:30:00,123.3,154.69,6.14,28.37,34.51,25.83,11.31,0.91,35.16,3.44,8.78,9.86,,6.89,2.02,26.8,71.71,0.99,272.12,0.0,0.0,,853.6,
2021-01-02 12:45:00,115.63,144.48,4.58,34.34,29.76,25.42,12.28,0.96,39.58,3.62,9.04,10.33,,7.32,2.14,26.85,71.18,1.78,269.63,0.0,0.0,,853.5,
2021-01-02 13:00:00,111.23,139.71,2.97,31.46,28.49,25.04,11.68,0.92,31.82,4.34,9.09,10.37,,7.59,2.2,27.01,69.96,0.45,259.32,0.0,0.0,,853.7,
2021-01-02 13:15:00,108.98,137.38,2.9,31.23,28.45,24.04,10.26,0.73,33.32,5.3,9.3,10.69,,7.82,2.28,26.84,71.29,0.85,272.74,0.0,0.0,,853.5,
2021-01-02 13:30:00,106.56,135.76,3.36,30.66,27.3,23.35,9.2,0.63,32.75,5.74,9.35,10.53,,8.08,2.29,26.94,71.44,0.68,266.99,0.0,0.0,,853.5,
2021-01-02 13:45:00,107.31,138.23,1.11,28.77,27.68,22.35,8.57,0.73,31.69,5.74,9.14,10.39,,7.92,2.28,27.08,71.19,1.33,269.6,0.0,0.0,,853.7,
2021-01-02 14:00:00,102.26,135.11,1.59,27.96,26.37,21.31,4.8,0.78,31.64,5.41,8.66,10.15,,7.77,2.22,27.02,69.82,0.9,270.31,0.0,0.0,,853.6,
2021-01-02 14:15:00,98.33,130.82,3.15,28.87,25.72,20.87,4.7,0.68,32.85,5.09,8.41,9.86,,7.59,2.15,27.44,65.53,0.2,270.12,0.0,0.0,,853.7,
2021-01-02 14:30:00,100.32,135.56,3.35,29.76,26.41,21.81,4.73,0.67,36.43,4.7,8.01,9.7,,7.54,2.09,27.89,60.42,0.13,236.14,0.0,0.0,,853.7,
2021-01-02 14:45:00,103.11,140.3,3.42,31.73,28.32,23.39,6.21,0.73,41.99,4.4,7.75,9.43,,7.38,2.08,27.78,57.23,0.23,268.88,0.0,0.0,,853.6,
2021-01-02 15:00:00,104.97,141.9,2.7,31.56,28.85,22.22,7.34,0.92,48.18,4.03,7.37,9.29,,7.2,2.03,27.61,58.15,0.26,271.84,0.0,0.0,,853.6,
2021-01-02 15:15:00,105.82,143.52,2.14,30.81,28.67,21.74,6.95,0.91,48.68,2.71,5.19,6.26,,5.14,1.41,27.53,58.85,0.66,277.71,0.0,0.0,,853.7,
2021-01-02 15:30:00,108.1,145.63,2.57,30.12,27.78,21.45,5.03,0.99,49.0,1.47,3.06,3.01,,3.09,0.85,27.34,58.9,0.75,271.74,0.0,0.0,,853.8,
2021-01-02 15:45:00,108.13,144.48,4.0,31.53,27.54,20.35,3.18,0.96,51.24,1.46,3.29,3.4,,3.37,0.92,26.97,60.46,1.25,269.0,0.0,0.0,,853.6,
2021-01-02 16:00:00,106.25,142.62,2.83,30.41,27.58,20.87,4.09,0.84,47.99,1.44,3.5,3.68,,3.73,0.96,26.92,59.6,0.84,266.38,0.0,0.0,,854.0,
2021-01-02 16:15:00,103.4,137.81,2.92,32.21,29.29,20.44,4.07,0.74,40.83,1.43,3.74,3.78,,3.97,0.97,27.0,59.67,0.01,277.46,0.0,0.0,,853.9,
2021-01-02 16:30:00,103.49,137.53,3.33,34.82,31.53,20.43,3.63,0.74,40.15,1.4,3.95,3.8,,4.14,0.97,26.73,64.51,0.29,263.51,0.0,0.0,,853.8,
2021-01-02 16:45:00,105.73,139.93,3.73,34.75,31.02,21.8,3.32,0.69,34.78,1.35,3.82,3.63,,4.03,0.97,26.61,66.17,,288.09,0.0,0.0,,853.8,
2021-01-02 17:00:00,114.16,149.43,2.79,33.72,30.93,21.75,2.96,0.69,36.98,1.29,3.82,3.5,,3.97,0.99,26.37,66.6,0.12,255.73,0.0,0.0,,853.8,
2021-01-02 17:15:00,127.87,166.01,2.81,34.35,31.54,22.94,2.61,0.67,34.9,1.29,4.08,3.72,,4.23,0.99,25.96,67.89,0.06,274.99,0.0,0.0,,853.7,
2021-01-02 17:30:00,146.93,189.68,3.39,35.85,32.48,22.86,2.59,0.74,33.46,1.33,4.42,3.86,,4.33,1.1,25.6,68.73,0.01,289.06,0.0,0.0,,853.8,
2021-01-02 17:45:00,152.98,198.03,3.08,34.39,31.31,21.93,2.32,0.83,33.54,1.35,4.79,4.21,,4.52,1.13,25.25,68.96,,286.53,0.0,0.0,,853.7,
2021-01-02 18:00:00,147.88,192.3,2.77,37.72,34.96,22.03,4.7,0.89,28.06,1.38,5.19,4.26,,4.69,1.19,25.01,69.99,,289.26,0.0,0.0,,853.7,
2021-01-02 18:15:00,139.52,182.63,3.44,38.01,34.57,20.66,4.84,0.86,29.08,1.39,5.46,4.57,,4.91,1.27,24.83,69.95,,291.72,0.0,0.0,,853.5,
2021-01-02 18:30:00,126.07,166.54,2.96,36.28,33.32,21.1,5.51,0.9,28.01,1.41,5.76,4.7,,5.08,1.35,24.64,69.43,,287.66,0.0,0.0,,853.6,
2021-01-02 18:45:00,114.73,152.17,3.87,37.41,33.53,21.73,6.14,0.9,25.9,1.42,6.12,5.04,,5.36,1.41,24.51,69.75,,282.71,0.0,0.0,,853.5,
2021-01-02 19:00:00,113.31,150.53,2.93,38.97,36.05,20.45,6.54,0.9,22.23,1.44,6.2,5.59,,5.46,1.48,24.53,69.47,,270.69,0.0,0.0,,853.5,
2021-01-02 19:15:00,113.0,150.07,4.14,38.24,34.09,21.02,6.38,0.91,23.87,1.46,6.45,5.89,,5.56,1.6,24.46,68.01,,277.41,0.0,0.0,,853.4,
2021-01-02 19:30:00,111.02,147.08,2.77,39.06,36.29,19.82,6.55,1.01,21.21,1.42,6.57,6.12,,5.68,1.6,24.31,68.3,,272.59,0.0,0.0,,853.4,
2021-01-02 19:45:00,110.96,146.98,3.51,39.82,36.31,20.95,6.62,0.95,15.8,1.45,6.84,6.48,,5.87,1.77,24.24,68.64,,281.37,0.0,0.0,,853.4,
2021-01-02 20:00:00,113.09,150.53,4.57,41.92,37.35,21.36,5.13,0.88,16.16,1.44,6.87,6.48,,6.0,1.79,24.23,68.12,,277.21,0.0,0.0,,853.3,
2021-01-02 20:15:00,112.91,149.66,3.93,40.18,36.25,21.58,5.85,0.89,14.33,1.46,7.16,6.98,,6.27,1.9,24.11,68.19,,275.56,0.0,0.0,,853.4,
2021-01-02 20:30:00,115.29,152.01,6.49,44.05,37.55,22.71,5.52,0.92,8.06,1.47,7.27,7.25,,6.3,1.97,23.96,68.74,,273.96,0.0,0.0,,853.4,
2021-01-02 20:45:00,122.04,160.25,10.55,50.87,40.32,22.25,5.75,0.98,6.78,1.48,7.53,7.67,,6.5,2.11,23.78,69.9,,285.45,0.0,0.0,,853.5,
2021-01-02 21:00:00,128.77,167.36,4.05,44.09,40.04,22.06,5.55,0.95,10.05,1.51,7.69,7.81,,6.76,2.17,23.82,68.75,,291.03,0.0,0.0,,853.5,
2021-01-02 21:15:00,132.42,170.73,7.69,45.54,37.84,22.4,5.58,0.99,5.37,1.53,7.89,8.12,,6.84,2.22,23.52,70.74,,295.73,0.0,0.0,,853.5,
2021-01-02 21:30:00,137.32,176.25,7.11,47.43,40.32,23.59,4.87,1.08,3.19,1.56,8.29,8.49,,7.26,2.39,23.33,72.43,,324.65,0.0,0.0,,853.4,
2021-01-02 21:45:00,138.9,177.65,13.21,52.82,39.6,24.5,4.21,1.14,1.7,1.59,8.6,8.75,,7.45,2.59,23.34,72.17,,302.79,0.0,0.0,,853.4,
2021-01-02 22:00:00,133.29,170.62,12.18,51.13,38.94,22.67,5.13,1.18,1.49,1.66,9.08,9.19,,7.65,2.7,23.23,72.77,,316.25,0.0,0.0,,853.4,
2021-01-02 22:15:00,125.95,161.48,9.71,50.88,41.18,22.27,4.86,1.21,1.2,1.74,9.62,9.05,,7.64,2.84,23.03,74.11,,345.76,0.0,0.0,,853.4,
2021-01-02 22:30:00,117.72,151.32,13.24,53.06,39.81,23.32,4.59,1.26,0.71,1.76,10.04,9.49,,7.96,2.94,22.81,76.79,,177.24,0.0,0.0,,853.4,
2021-01-02 22:45:00,113.3,146.02,36.06,67.94,31.88,25.1,4.09,1.31,1.26,1.8,10.4,9.76,,8.33,3.15,22.69,77.81,,357.87,0.0,0.0,,853.5,
2021-01-02 23:00:00,118.12,152.44,39.42,70.97,31.55,26.49,4.18,1.26,1.12,1.82,10.6,9.82,,8.43,3.16,22.53,78.91,,285.24,0.0,0.0,,853.4,
2021-01-02 23:15:00,128.18,164.71,36.43,69.37,32.95,25.84,4.05,1.27,1.21,1.83,10.9,10.0,,8.66,3.3,22.57,78.97,,159.12,0.0,0.0,,853.3,
2021-01-02 23:30:00,151.38,192.11,70.73,92.41,21.68,30.51,4.07,1.31,1.39,1.88,11.11,10.32,,8.84,3.46,22.43,79.26,,304.59,0.0,0.0,,853.3,
2021-01-02 23:45:00,,,,,,,,,,,,,,,,,,,,,0.0,,,
2021-01-03 00:00:00,180.29,224.2,58.23,83.4,83.4,29.6,5.56,1.39,1.0,2.04,12.4,10.73,,9.39,3.65,22.15,82.33,,325.71,0.0,0.0,,853.5,
2021-01-03 00:15:00,177.95,219.98,46.19,75.71,75.69,28.39,6.1,1.42,1.0,2.2,13.07,11.39,,9.88,3.89,22.04,82.11,,292.23,0.0,0.0,,853.4,
2021-01-03 00:30:00,160.43,198.42,9.77,48.46,48.43,23.36,6.26,1.46,4.0,2.34,13.8,11.96,,10.33,4.02,22.31,77.48,,318.23,0.0,0.0,,853.6,
2021-01-03 00:45:00,135.29,169.1,4.81,43.34,43.35,22.0,7.32,1.42,5.0,2.47,14.25,12.52,,10.67,4.15,22.19,79.62,,88.72,0.0,0.0,,853.3,
2021-01-03 01:00:00,117.82,147.64,18.38,54.21,54.22,22.9,8.05,1.34,1.0,2.59,14.62,12.46,,10.79,4.11,21.91,81.94,,50.13,0.0,0.0,,853.5,
2021-01-03 01:15:00,116.55,144.79,58.62,84.64,84.61,28.97,8.72,1.36,1.0,2.67,15.06,12.9,,10.85,4.09,21.74,83.5,,299.26,0.0,0.0,,852.9,
2021-01-03 01:30:00,120.58,150.48,35.4,66.74,66.74,25.88,8.9,1.34,1.0,2.78,15.56,12.5,,10.75,3.96,21.57,83.66,,115.65,0.0,0.0,,853.1,
2021-01-03 01:45:00,129.78,161.95,54.56,81.8,81.78,26.02,9.33,1.31,1.0,2.9,15.9,12.65,,10.72,3.96,21.47,83.07,,260.31,0.0,0.0,,853.2,
2022-01-01 00:00:00,,,57.42,43.17,100.71,,50.79,2.54,9.28,1.24,,,,1.89,5.39,21.98,99.9,,103.71,,0.0,,,
2022-01-01 00:15:00,87.0,87.33,16.68,39.25,55.88,0.99,50.97,2.12,10.48,1.18,,,,1.9,5.67,21.79,99.9,,34.33,,0.0,,,
2022-01-01 00:30:00,,,10.05,34.07,44.12,,50.26,2.08,13.1,1.17,,,,1.92,5.64,21.52,99.9,,34.23,,0.0,,,
2022-01-01 00:45:00,,,10.86,31.75,42.62,,51.09,2.05,9.94,1.19,,,,1.84,5.53,21.24,99.9,,34.2,,0.0,,,
2022-01-01 01:00:00,,,14.16,32.95,47.1,,50.6,2.05,10.68,1.15,,,,1.83,5.38,21.02,99.9,,33.93,,0.0,,,
2022-01-01 01:15:00,,,9.4,29.19,38.57,,50.37,1.98,12.19,1.18,,,,1.88,5.21,20.91,99.9,,34.13,,0.0,,,
2022-01-01 01:30:00,,,11.4,28.79,40.18,,50.52,1.96,12.03,1.24,,,,1.91,5.07,20.84,99.9,,33.61,,0.0,,,
2022-01-01 01:45:00,,,21.19,33.0,54.26,,50.57,1.94,11.94,1.21,,,,1.87,5.07,21.06,99.9,,33.87,,0.0,,,
2022-01-01 02:00:00,,,59.23,39.21,98.43,,50.42,2.07,10.08,1.17,,,,1.83,5.14,21.16,99.9,,54.72,,0.0,,,
2022-01-01 02:15:00,,,108.84,40.56,149.43,,51.53,2.24,9.87,1.16,,,,1.8,5.3,21.14,99.9,,124.92,,0.0,,,
2022-01-01 02:30:00,,,44.42,45.25,89.73,,51.24,2.19,9.68,1.2,,,,1.66,5.38,21.16,99.9,,124.67,,0.0,,,
2022-01-01 02:45:00,,,151.02,45.59,196.79,,51.29,2.4,15.14,1.22,,,,1.52,5.02,21.26,99.9,,125.11,,0.0,,,
2022-01-01 03:00:00,,,106.52,49.44,156.0,,50.89,2.33,18.38,1.23,,,,1.53,4.64,21.38,99.9,,124.98,,0.0,,,
2022-01-01 03:15:00,,90.17,92.67,52.25,144.95,,,2.32,,,,,,,,21.53,99.9,,125.37,,0.0,,,
2022-01-01 03:30:00,91.53,97.0,96.72,47.5,144.22,,51.95,2.22,19.01,1.15,,,,1.56,4.65,21.59,99.9,,124.94,,0.0,,,
2022-01-01 03:45:00,92.0,97.0,141.85,41.63,183.5,,52.92,2.33,17.0,1.18,,,,1.53,4.49,21.44,99.9,,125.02,,0.0,,,
2022-01-01 04:00:00,92.0,97.0,116.86,43.66,160.84,,53.97,2.25,13.51,1.13,,,,1.55,4.5,21.2,99.9,,166.67,,0.0,,,
2022-01-01 04:15:00,,,180.44,39.46,219.94,,54.14,2.4,12.82,1.08,,,,1.58,4.47,21.07,99.9,,304.47,,0.0,,,
2022-01-01 04:30:00,,,131.09,36.74,167.88,,54.0,2.23,12.18,1.05,,,,1.43,4.22,20.93,99.9,,304.32,,0.0,,,
2022-01-01 04:45:00,,,135.78,36.81,172.49,,54.02,2.29,11.35,0.98,,,,1.39,4.34,20.83,99.9,,304.62,,0.0,,,
2022-01-01 05:00:00,,,109.04,21.66,130.48,0.04,53.19,2.16,10.27,0.96,,,,1.5,4.19,20.7,99.9,,241.38,,0.0,,,
2022-01-01 05:15:00,,,53.34,33.54,86.94,0.78,53.96,2.07,9.65,0.97,,,,1.54,4.3,20.45,99.9,,34.05,,0.0,,,
2022-01-01 05:30:00,,,32.85,32.41,65.34,,54.31,1.95,9.47,1.03,,,,1.53,4.01,20.31,99.9,,34.23,,0.0,,,
2022-01-01 05:45:00,,,99.28,35.36,134.14,0.03,53.9,2.37,7.69,1.02,,,,1.37,3.91,20.3,99.9,,33.96,,0.0,,,
2022-01-01 06:00:00,,,13.58,27.04,40.63,4.06,53.74,2.02,10.85,0.98,,,,1.23,4.01,20.23,99.9,,34.27,,0.0,,,
2022-01-01 06:15:00,,,64.89,42.28,107.16,,53.66,2.44,8.15,0.98,,,,1.28,4.26,20.17,99.9,,34.16,,0.0,,,
2022-01-01 06:30:00,,,86.16,29.76,115.93,,54.28,2.42,9.68,0.99,,,,1.27,4.3,20.15,99.9,,34.16,,0.0,,,
2022-01-01 06:45:00,,,37.46,33.81,71.26,,54.85,1.81,10.04,1.0,,,,1.29,4.3,20.0,99.9,,33.53,,0.0,,,
2022-01-01 07:00:00,,,38.47,32.15,70.73,,54.42,2.0,9.03,1.02,,,,1.38,4.22,19.82,99.9,,33.94,,0.0,,,
2022-01-01 07:15:00,,,102.67,29.61,132.45,,54.15,2.64,8.09,0.92,,,,1.47,4.05,19.85,99.9,,34.25,,0.0,,,
2022-01-01 07:30:00,,,67.88,30.84,98.5,4.54,54.15,2.12,9.81,0.87,,,,1.51,4.17,20.1,99.9,,33.95,,0.0,7.1,,
2022-01-01 07:45:00,,,90.59,32.27,122.87,1.38,54.16,2.29,8.62,0.85,,,,1.47,3.94,20.52,99.9,,34.3,,0.0,31.74,,
2022-01-01 08:00:00,,,,,,,,,,,,,,,,21.28,99.9,,56.48,,0.0,47.33,,
2022-01-01 08:15:00,,63.33,12.25,22.77,35.02,5.68,,1.75,,0.84,,,,1.26,4.23,21.94,99.9,,125.26,,0.0,55.87,,
2022-01-01 08:30:00,,,26.4,30.66,57.07,0.15,53.25,2.0,13.36,0.84,,,,1.3,3.51,22.45,99.9,,125.19,,0.0,54.75,,
2022-01-01 08:45:00,,,12.17,38.36,50.61,1.06,53.11,1.84,15.05,0.78,,,,1.16,3.42,22.94,99.9,,125.18,,0.0,73.64,,
2022-01-01 09:00:00,,,21.04,27.96,48.97,0.06,52.65,1.99,15.23,0.8,,,,1.1,3.15,23.62,99.9,,125.13,,0.0,55.92,,
2022-01-01 09:15:00,,,6.72,26.09,32.82,0.04,52.48,1.81,26.44,0.83,,,,1.09,3.16,24.66,99.9,,124.23,,0.0,95.13,,
2022-01-01 09:30:00,,,6.63,25.01,31.65,,51.99,1.78,28.99,0.88,,,,1.02,3.52,25.88,99.9,,142.41,,0.0,137.26,,
2022-01-01 09:45:00,,,6.65,22.04,28.7,,51.64,1.81,28.26,0.84,,,,1.04,3.28,27.61,99.9,,212.6,,0.0,141.11,,
2022-01-01 10:00:00,,,6.09,22.4,28.48,,51.58,1.81,34.6,0.87,,,,1.06,3.24,29.21,99.87,,213.11,,0.0,136.37,,
2022-01-01 10:15:00,,,4.2,23.17,27.38,,51.72,1.91,37.75,0.87,,,,1.1,3.17,29.32,99.9,,213.7,,0.0,160.74,,
2022-01-01 10:30:00,82.27,88.0,5.23,22.76,27.98,,53.08,1.98,25.23,0.91,,,,1.01,3.24,29.43,98.8,,218.02,,0.0,216.24,,
2022-01-01 10:45:00,82.0,88.0,7.24,27.3,34.55,,52.59,2.04,31.61,0.94,,,,0.96,3.01,29.87,97.12,,216.36,,0.0,278.72,,
2022-01-01 11:00:00,82.0,88.0,3.64,25.33,28.97,,52.59,2.0,35.42,0.94,,,,0.98,2.27,30.1,96.85,,235.99,,0.0,264.16,,
2022-01-01 11:15:00,82.0,88.57,2.78,23.7,26.48,,52.36,1.94,41.79,1.03,,,,0.97,2.66,30.23,97.02,,298.15,,0.0,380.54,,
2022-01-01 11:30:00,87.6,89.0,3.35,22.76,26.11,,52.13,1.99,51.07,1.13,,,,0.65,2.1,30.99,94.53,,298.4,,0.0,451.63,,
2022-01-01 11:45:00,88.0,89.0,2.64,17.41,20.07,,51.08,1.99,46.13,1.07,,,,0.79,2.11,31.94,89.77,,298.33,,0.0,519.45,,
2022-01-01 12:00:00,88.0,89.0,3.29,17.15,20.45,,50.01,1.85,48.21,0.99,,,,0.65,1.98,33.26,85.12,,232.85,,0.0,525.92,,
2022-01-01 12:15:00,,,2.37,13.97,16.35,0.28,49.44,1.87,47.66,1.03,,,,0.43,1.89,34.11,81.51,,28.94,,0.0,537.15,,
2022-01-01 12:30:00,,,4.42,17.88,22.31,0.1,48.59,1.98,41.46,1.05,,,,0.58,1.83,34.5,79.89,,29.07,,0.0,546.45,,
2022-01-01 12:45:00,,,6.1,23.2,29.28,,48.16,1.95,46.28,0.96,,,,0.57,2.06,34.85,77.71,,30.53,,0.0,541.53,,
2022-01-01 13:00:00,,,3.52,16.46,19.97,0.07,47.55,1.82,58.15,0.98,,,,0.49,1.6,35.39,76.47,,30.23,,0.0,525.13,,
2022-01-01 13:15:00,,,1.28,17.35,18.62,0.22,46.94,1.85,53.91,0.92,,,,0.47,1.46,35.31,76.84,,30.5,,0.0,518.52,,
2022-01-01 13:30:00,,,2.37,25.8,28.15,0.6,46.59,1.83,49.52,0.88,,,,0.5,1.25,35.81,74.06,,34.3,,0.0,511.36,,
2022-01-01 13:45:00,,,5.46,23.6,29.02,1.77,46.55,1.87,51.46,0.89,,,,0.58,1.33,36.38,71.76,,249.0,,0.0,483.58,,
2022-01-01 14:00:00,,,3.39,7.24,10.61,2.78,45.84,1.75,74.89,0.84,,,,0.48,1.52,35.78,72.62,,260.33,,0.0,487.01,,
2022-01-01 14:15:00,,,0.59,14.87,15.46,0.4,46.36,1.68,79.9,0.9,,,,0.42,1.39,35.15,76.37,,129.79,,0.0,447.99,,
2022-01-01 14:30:00,57.87,59.0,0.4,15.95,16.35,0.17,45.26,1.64,82.34,0.8,,,,0.51,1.34,34.96,75.1,,129.85,,0.0,420.02,,
2022-01-01 14:45:00,57.0,59.0,0.19,14.7,14.89,0.31,44.27,1.61,82.06,0.74,,,,0.55,1.41,34.86,74.05,,130.36,,0.0,397.61,,
2022-01-01 15:00:00,57.0,59.0,0.76,16.39,17.15,0.06,44.69,1.65,78.96,0.69,,,,0.85,1.83,34.73,73.53,,130.23,,0.0,368.92,,
2022-01-01 15:15:00,,,1.35,20.68,22.03,,45.24,1.73,74.53,0.74,,,,0.85,1.67,34.45,68.53,,132.34,,0.0,355.85,,
2022-01-01 15:30:00,52.33,53.0,1.08,21.05,22.13,0.02,45.85,1.67,83.83,0.69,,,,0.56,2.04,34.24,68.86,,132.86,,0.0,310.64,,
2022-01-01 15:45:00,52.0,53.0,0.95,19.11,20.06,0.07,45.59,1.69,88.13,0.63,,,,0.76,1.71,34.05,70.48,,134.14,,0.0,239.46,,
2022-01-01 16:00:00,52.0,53.0,0.92,23.39,24.31,,45.61,1.63,95.89,0.62,,,,0.68,2.2,33.65,72.06,,109.59,,0.0,173.37,,
2022-01-01 16:15:00,52.0,55.78,0.77,20.29,21.06,0.2,44.94,1.69,94.04,0.6,,,,0.64,2.08,33.17,75.3,,24.94,,0.0,150.88,,
2022-01-01 16:30:00,52.0,58.0,1.39,27.45,28.84,0.02,44.62,1.76,89.79,0.6,,,,0.7,2.08,32.72,79.06,,24.55,,0.0,145.6,,
2022-01-01 16:45:00,52.0,58.0,1.78,33.05,34.81,,44.89,1.77,88.09,0.65,,,,0.72,2.26,32.25,81.89,,23.81,,0.0,118.2,,
2022-01-01 17:00:00,52.0,58.0,0.88,31.06,31.95,,44.9,1.68,80.96,0.62,,,,0.73,2.18,31.65,81.52,,49.49,,0.0,84.87,,
2022-01-01 17:15:00,52.0,65.22,0.55,33.82,34.39,,45.37,1.81,66.6,0.61,,,,0.76,2.29,31.13,81.46,,136.0,,0.0,56.22,,
2022-01-01 17:30:00,62.14,71.0,1.35,43.2,44.56,,45.93,1.84,53.9,0.62,,,,0.84,2.35,30.66,83.4,,135.84,,0.0,28.02,,
2022-01-01 17:45:00,63.0,71.0,1.92,48.79,50.72,,45.59,1.92,47.56,0.67,,,,1.02,2.67,29.98,85.52,,135.93,,0.0,5.78,,
2022-01-01 18:00:00,63.0,71.0,1.97,51.44,53.4,,45.95,1.99,32.94,0.72,,,,1.09,2.81,29.19,87.65,,135.75,,0.0,,,
2022-01-01 18:15:00,63.0,79.89,5.58,72.71,78.3,,45.78,2.03,16.44,0.76,,,,1.1,3.06,28.49,92.8,,135.62,,0.0,,,
2022-01-01 18:30:00,54.7,87.0,9.1,71.32,80.43,,46.15,2.06,13.81,0.75,,,,1.26,3.42,27.68,98.88,,139.06,,0.0,,,
2022-01-01 18:45:00,,87.0,11.93,60.91,72.84,,,2.1,11.85,0.77,,,,1.16,3.53,26.8,99.9,,212.74,,0.0,,,
2022-01-01 19:00:00,54.0,87.0,11.56,57.06,68.61,,46.76,2.12,11.44,0.83,,,,1.12,3.2,25.86,99.9,,236.41,,0.0,,,
2022-01-01 19:15:00,54.0,90.33,16.45,62.98,79.41,,47.48,2.33,10.03,0.76,,,,0.98,2.9,25.2,99.9,,306.95,,0.0,,,
2022-01-01 19:30:00,70.6,93.0,45.81,57.07,103.22,,48.06,2.64,9.39,0.92,,,,1.09,3.07,24.89,99.9,,307.15,,0.0,,,
2022-01-01 19:45:00,72.0,93.0,91.07,68.44,159.34,,48.31,3.32,9.24,0.82,,,,1.37,3.9,24.78,99.9,,307.8,,0.0,,,
2022-01-01 20:00:00,72.0,93.0,161.27,61.3,222.72,,49.3,3.85,10.0,0.87,,,,1.62,4.49,24.64,99.9,,306.79,,0.0,,,
2022-01-01 20:15:00,72.0,126.89,162.28,59.5,221.56,,49.08,4.14,10.18,0.93,,,,1.65,4.73,24.6,99.9,,307.45,,0.0,,,
2022-01-01 20:30:00,131.73,154.0,143.19,48.61,191.8,,50.45,3.96,10.21,1.03,,,,1.95,6.04,24.49,99.9,,306.79,,0.0,,,
2022-01-01 20:45:00,136.0,154.0,201.64,51.46,253.11,,51.0,4.72,8.98,1.15,,,,2.95,6.87,24.33,99.9,,307.04,,0.0,,,
2022-01-01 21:00:00,136.0,154.0,142.11,51.05,192.86,,51.77,4.17,8.83,1.29,,,,4.13,7.94,24.22,99.9,,243.12,,0.0,,,
2022-01-01 21:15:00,136.0,195.92,107.9,54.84,162.08,,52.16,3.79,10.09,1.44,,,,4.61,8.35,24.11,99.9,,34.28,,0.0,,,
2022-01-01 21:30:00,165.87,231.0,92.55,55.11,147.55,,52.34,3.57,9.68,1.68,,,,5.07,9.28,23.82,99.9,,34.16,,0.0,,,
2022-01-01 21:45:00,168.0,231.0,58.09,51.52,109.76,,53.1,3.18,8.9,1.77,,,,5.42,9.53,23.47,99.9,,34.2,,0.0,,,
2022-01-01 22:00:00,168.0,231.0,140.03,48.43,189.08,,52.87,3.95,9.52,1.86,,,,5.81,10.28,23.24,99.9,,97.23,,0.0,,,
2022-01-01 22:15:00,,179.33,,,,,,5.39,,,,,,,,23.16,99.9,,304.4,,0.0,,,
2022-01-01 22:30:00,130.67,138.0,216.61,44.55,261.15,,53.53,4.82,8.82,2.01,,,,5.52,9.13,23.24,99.9,,304.64,,0.0,,,
2022-01-01 22:45:00,128.0,138.0,96.03,48.79,144.74,,53.01,3.36,8.44,2.08,,,,6.15,10.53,23.33,99.9,,304.31,,0.0,,,
2022-01-01 23:00:00,128.0,138.0,67.53,55.67,123.18,,53.01,2.86,7.7,2.18,,,,6.0,10.15,23.3,99.9,,301.47,,0.0,,,
2022-01-01 23:15:00,,,35.04,52.41,87.41,,53.5,2.53,10.89,2.06,,,,5.92,10.27,23.26,99.9,,304.11,,0.0,,,
2022-01-01 23:30:00,103.4,112.0,11.56,35.95,47.5,,53.19,2.17,16.34,2.2,,,,5.79,10.7,23.08,99.9,,304.15,,0.0,,,
2022-01-01 23:45:00,101.0,112.0,22.06,34.93,57.22,,52.04,2.26,15.06,1.98,,,,5.94,10.14,22.97,99.9,,304.12,,0.0,,,
2022-01-02 00:00:00,101.0,112.0,76.01,56.63,132.49,,52.38,3.14,11.04,1.92,,,,5.69,9.29,23.01,99.9,,304.65,,0.0,,,
2022-01-02 00:15:00,,,66.87,59.55,126.58,,51.75,2.72,11.0,1.91,,,,5.39,9.39,23.38,99.9,,304.89,,0.0,,,
2022-01-02 00:30:00,,,67.05,60.29,127.33,,51.35,2.8,9.66,1.86,,,,4.87,9.27,23.6,99.9,,304.42,,0.0,,,
2022-01-02 00:45:00,,,99.06,62.9,161.95,,51.59,2.52,8.43,1.89,,,,4.55,8.64,23.6,99.9,,304.3,,0.0,,,
2022-01-02 01:00:00,,,61.51,53.19,114.51,0.89,50.44,2.5,12.54,1.83,,,,4.13,8.77,23.54,99.9,,304.25,,0.0,,,
2022-01-02 01:15:00,,,21.96,17.62,39.58,2.27,50.06,2.02,26.7,1.71,,,,4.06,7.76,23.53,99.9,,304.46,,0.0,,,
2022-01-02 01:30:00,,,7.23,31.27,38.51,,49.6,1.91,34.0,1.77,,,,3.8,7.3,23.59,99.9,,305.6,,0.0,,,
2022-01-02 01:45:00,,,5.19,27.06,32.25,,48.49,1.92,38.72,1.65,,,,3.41,6.88,23.72,99.9,,306.15,,0.0,,,
2022-01-02 02:00:00,,,3.65,24.63,28.27,,48.3,1.87,38.12,1.63,,,,3.18,5.99,23.87,99.9,,241.6,,0.0,,,
2022-01-02 02:15:00,,,,,,,,,,,,,,,,23.84,99.9,,34.02,,0.0,,,
2022-01-02 02:30:00,,,5.98,32.52,38.49,,47.72,1.94,35.81,1.45,,,,2.7,5.35,23.72,99.9,,32.99,,0.0,,,
2022-01-02 02:45:00,,,3.58,24.26,27.86,,47.74,1.98,34.68,1.39,,,,2.47,5.06,23.61,99.9,,33.65,,0.0,,,
2022-01-02 03:00:00,,,3.06,21.48,24.55,,46.67,2.0,36.69,1.38,,,,2.16,4.58,23.45,99.9,,54.56,,0.0,,,
2022-01-02 03:15:00,,,7.7,45.77,53.5,,47.23,1.9,19.08,1.31,,,,1.77,3.49,23.31,99.9,,125.34,,0.0,,,
2022-01-02 03:30:00,,,30.13,52.86,82.89,,46.8,2.11,11.38,1.29,,,,1.52,3.39,23.12,99.9,,125.17,,0.0,,,
2022-01-02 03:45:00,,,27.88,51.42,79.36,,47.08,2.05,9.91,1.23,,,,1.59,3.18,22.91,99.9,,125.33,,0.0,,,
2022-01-02 04:00:00,,,61.91,47.49,109.22,,47.37,1.97,8.36,1.12,,,,1.94,3.46,22.69,99.9,,103.9,,0.0,,,
2022-01-02 04:15:00,,,54.37,46.49,100.87,0.29,47.38,2.12,8.28,1.14,,,,1.43,3.54,22.52,99.9,,34.5,,0.0,,,
2022-01-02 04:30:00,76.93,83.0,80.83,56.36,137.27,,47.31,2.18,6.92,1.18,,,,1.45,3.52,22.36,99.9,,34.49,,0.0,,,
2022-01-02 04:45:00,76.0,83.0,88.05,46.69,134.76,0.41,47.4,2.15,7.53,1.15,,,,1.44,3.57,22.18,99.9,,34.78,,0.0,,,
2022-01-02 05:00:00,76.0,83.0,48.1,43.35,91.44,,47.61,2.04,8.23,1.11,,,,1.4,3.33,22.04,99.9,,34.39,,0.0,,,
2022-01-02 05:15:00,76.0,81.89,36.65,40.44,77.07,,47.04,1.99,14.54,1.09,,,,1.32,3.48,22.02,99.9,,34.58,,0.0,,,
2022-01-02 05:30:00,,,59.84,44.82,104.51,,47.68,2.14,8.41,1.06,,,,1.45,3.73,22.02,99.9,,34.56,,0.0,,,
2022-01-02 05:45:00,,,90.38,49.41,139.82,,46.5,2.51,8.3,1.02,,,,1.51,3.43,21.93,99.9,,34.56,,0.0,,,
2022-01-02 06:00:00,,,54.55,44.68,99.36,0.46,46.7,2.27,8.56,0.99,,,,1.57,3.32,21.82,99.9,,34.05,,0.0,,,
2022-01-02 06:15:00,82.0,91.08,50.56,44.57,95.14,,46.63,2.17,9.58,1.04,,,,1.58,3.32,21.67,99.9,,34.18,,0.0,,,
2022-01-02 06:30:00,84.8,99.0,57.83,40.33,98.32,,47.04,2.24,9.91,1.05,,,,1.51,3.2,21.59,99.9,,33.9,,0.0,,,
2022-01-02 06:45:00,85.0,99.0,58.46,41.21,99.67,,47.16,2.21,9.38,0.99,,,,1.45,3.18,21.59,99.9,,34.41,,0.0,,,
2022-01-02 07:00:00,85.0,99.0,74.77,39.16,113.91,,46.89,2.47,7.78,0.96,,,,1.6,3.42,21.56,99.9,,102.81,,0.0,,,
2022-01-02 07:15:00,,,92.75,35.93,128.56,,47.49,2.64,9.94,0.94,,,,1.59,3.77,21.48,99.9,,304.56,,0.0,,,
2022-01-02 07:30:00,,,45.92,37.7,83.66,0.97,47.66,2.15,10.93,0.96,,,,1.71,3.88,21.43,99.9,,304.47,,0.0,3.72,,
2022-01-02 07:45:00,,,46.13,39.42,85.6,1.31,47.88,2.18,11.65,0.96,,,,1.69,4.22,21.54,99.9,,304.07,,0.0,13.57,,
2022-01-02 08:00:00,,,83.51,34.91,118.56,,47.72,2.49,8.98,0.97,,,,1.62,4.23,21.78,99.9,,238.22,,0.0,24.91,,
2022-01-02 08:15:00,,,113.92,40.35,154.25,,48.68,2.59,8.3,0.93,,,,1.73,4.17,22.32,99.9,,33.69,,0.0,40.35,,
2022-01-02 08:30:00,,,15.0,29.66,44.66,,48.39,1.84,16.58,0.93,,,,1.74,4.25,22.97,99.9,,33.41,,0.0,56.35,,
2022-01-02 08:45:00,,,11.83,27.15,38.98,,49.11,1.77,19.03,0.99,,,,1.84,4.3,23.66,99.9,,33.33,,0.0,70.11,,
2022-01-02 09:00:00,,,11.93,27.07,38.99,,48.61,1.82,22.82,0.97,,,,1.74,4.31,24.49,99.9,,84.49,,0.0,86.11,,
2022-01-02 09:15:00,,,10.45,25.09,35.52,,48.52,1.83,27.97,0.95,,,,1.69,4.64,25.68,99.9,,212.9,,0.0,100.63,,
2022-01-02 09:30:00,,,9.65,25.65,35.29,,48.47,1.86,29.97,0.95,,,,1.74,4.89,26.92,99.9,,213.17,,0.0,130.35,,
2022-01-02 09:45:00,,,9.2,27.61,36.81,,49.1,1.87,33.98,0.91,,,,1.74,4.71,27.7,99.9,,214.1,,0.0,140.24,,
2022-01-02 10:00:00,,,7.8,28.73,36.53,,49.9,1.9,37.07,0.93,,,,1.65,4.18,28.21,99.9,,215.54,,0.0,143.71,,
2022-01-02 10:15:00,82.0,82.67,7.77,27.34,35.12,,49.95,1.94,38.02,0.94,,,,1.46,4.08,28.85,99.9,,221.38,,0.0,155.09,,
2022-01-02 10:30:00,,,6.58,27.22,33.79,,49.58,1.91,42.84,0.89,,,,1.43,3.94,29.66,99.9,,223.69,,0.0,230.02,,
2022-01-02 10:45:00,,,4.36,27.18,31.54,,50.84,2.06,42.1,0.88,,,,1.39,3.78,30.45,99.49,,223.52,,0.0,389.94,,
2022-01-02 11:00:00,,,6.2,36.58,42.78,,49.73,2.15,25.43,0.9,,,,1.27,3.42,31.63,91.54,,240.77,,0.0,408.07,,
2022-01-02 11:15:00,92.0,93.0,10.09,26.45,36.58,,50.72,2.14,26.89,0.96,,,,1.39,3.39,33.01,87.01,,299.66,,0.0,426.58,,
2022-01-02 11:30:00,79.09,97.0,7.21,30.21,37.42,,50.46,2.03,38.39,0.93,,,,1.33,3.47,33.9,84.46,,302.88,,0.0,452.98,,
2022-01-02 11:45:00,78.0,97.0,3.26,23.02,26.26,,50.39,2.03,40.54,0.91,,,,1.03,3.06,34.27,84.89,,301.22,,0.0,462.56,,
2022-01-02 12:00:00,78.0,97.0,3.86,25.2,29.06,,50.07,2.08,56.13,0.91,,,,1.02,2.95,34.68,84.44,,259.03,,0.0,472.2,,
2022-01-02 12:15:00,78.0,91.01,1.87,20.84,22.72,,50.17,2.03,67.03,0.89,,,,0.92,2.81,34.53,85.01,,130.57,,0.0,477.17,,
2022-01-02 12:30:00,,86.0,0.83,18.36,19.19,0.01,,2.03,,,,,,,,34.38,83.62,,130.94,,0.0,487.41,,
2022-01-02 12:45:00,78.0,86.0,0.88,15.05,15.93,0.43,49.01,1.87,74.23,0.95,,,,0.87,2.34,34.48,81.82,,130.54,,0.0,481.95,,
2022-01-02 13:00:00,78.0,86.0,0.88,13.6,14.46,0.46,49.01,1.84,71.11,0.94,,,,0.83,2.21,34.5,81.31,,106.39,,0.0,479.9,,
2022-01-02 13:15:00,78.0,81.56,0.63,14.32,14.97,0.67,49.21,1.78,72.28,0.88,,,,0.73,2.19,34.98,78.88,,28.5,,0.0,467.37,,
2022-01-02 13:30:00,68.56,78.0,1.27,10.94,12.22,0.74,48.16,1.82,67.77,0.84,,,,0.7,2.28,35.11,77.56,,28.9,,0.0,443.93,,
2022-01-02 13:45:00,68.0,78.0,2.55,12.15,14.7,0.42,48.37,1.76,74.38,0.82,,,,0.72,1.96,35.34,76.29,,29.76,,0.0,433.19,,
2022-01-02 14:00:00,68.0,78.0,1.27,12.84,14.1,0.64,47.63,1.84,64.0,0.77,,,,0.69,1.8,35.48,77.49,,54.16,,0.0,348.03,,
2022-01-02 14:15:00,68.0,69.67,1.41,17.7,19.11,,46.63,1.86,56.45,0.73,,,,0.81,1.88,35.69,75.64,,127.63,,0.0,352.61,,
2022-01-02 14:30:00,61.54,63.0,1.83,21.35,23.2,,46.71,1.95,59.41,0.67,,,,0.84,1.76,36.01,74.5,,129.04,,0.0,233.15,,
2022-01-02 14:45:00,61.0,63.0,0.99,13.45,14.44,0.41,46.51,1.69,78.94,0.7,,,,0.79,1.72,35.34,76.6,,130.53,,0.0,330.87,,
2022-01-02 15:00:00,61.0,63.0,0.46,9.61,10.06,1.4,47.26,1.72,78.25,0.72,,,,0.83,1.89,35.43,74.76,,129.18,,0.0,373.31,,
2022-01-02 15:15:00,61.0,63.55,1.18,12.38,13.55,1.0,47.24,1.7,64.15,0.69,,,,0.74,2.04,36.09,72.79,,128.68,,0.0,298.07,,
2022-01-02 15:30:00,61.92,64.0,2.69,18.99,21.68,0.16,47.34,1.82,59.75,0.67,,,,0.76,2.47,36.3,72.73,,129.28,,0.0,266.66,,
2022-01-02 15:45:00,62.0,64.0,2.55,20.15,22.71,0.02,46.87,1.73,65.23,0.71,,,,0.88,2.69,36.23,72.72,,129.48,,0.0,253.21,,
2022-01-02 16:00:00,62.0,64.0,1.79,18.08,19.86,0.33,46.19,1.73,63.26,0.67,,,,0.97,2.47,35.89,73.36,,129.94,,0.0,205.38,,
2022-01-02 16:15:00,,,1.16,14.52,15.67,1.14,46.25,1.7,77.99,0.63,,,,1.03,2.61,35.32,74.27,,131.74,,0.0,182.24,,
2022-01-02 16:30:00,,,1.09,17.49,18.58,0.43,46.27,1.82,52.31,0.66,,,,0.98,2.82,34.79,77.01,,133.61,,0.0,139.23,,
2022-01-02 16:45:00,,,2.71,33.17,35.9,,46.24,1.88,47.44,0.66,,,,1.23,2.76,34.43,76.34,,134.48,,0.0,104.68,,
2022-01-02 17:00:00,,,1.86,27.21,29.06,,46.6,1.65,76.39,0.66,,,,1.13,3.01,33.79,79.48,,109.36,,0.0,73.98,,
2022-01-02 17:15:00,60.0,64.67,1.09,23.09,24.2,0.03,47.09,1.84,70.44,0.63,,,,0.98,3.15,32.3,89.64,,22.7,,0.0,42.36,,
2022-01-02 17:30:00,,70.0,1.38,31.95,33.32,,46.58,1.9,63.4,0.58,,,,1.04,3.06,30.63,95.29,,23.02,,0.0,20.05,,
2022-01-02 17:45:00,64.0,70.0,1.78,36.63,38.42,,46.96,1.97,54.49,0.66,,,,1.11,3.01,29.63,98.1,,23.21,,0.0,4.17,,
2022-01-02 18:00:00,64.0,70.0,2.05,42.81,44.88,,46.96,1.99,50.09,0.71,,,,1.07,3.33,28.95,99.46,,51.05,,0.0,,,
2022-01-02 18:15:00,64.0,82.78,1.86,52.09,53.98,,47.31,2.2,31.0,0.75,,,,1.12,3.24,28.5,99.9,,135.94,,0.0,,,
2022-01-02 18:30:00,72.4,93.0,3.9,60.67,64.57,,47.05,2.13,24.6,0.74,,,,1.06,3.21,28.13,99.9,,135.57,,0.0,,,
2022-01-02 18:45:00,73.0,93.0,5.28,49.89,55.16,,47.33,2.12,23.39,0.78,,,,1.05,3.11,27.63,99.9,,135.82,,0.0,,,
2022-01-02 19:00:00,73.0,93.0,7.74,46.67,54.42,,49.88,2.17,18.48,0.81,,,,1.0,3.52,27.11,99.9,,108.94,,0.0,,,
2022-01-02 19:15:00,73.0,100.08,4.66,35.5,40.14,,50.6,2.11,19.72,0.8,,,,0.89,2.89,26.56,99.9,,26.52,,0.0,,,
2022-01-02 19:30:00,75.77,106.0,6.65,42.84,49.49,,50.53,2.35,16.82,0.8,,,,0.98,2.11,26.05,99.9,,27.58,,0.0,,,
2022-01-02 19:45:00,76.0,106.0,11.57,37.9,49.48,,51.66,2.37,17.59,0.82,,,,1.11,1.99,25.73,99.9,,26.11,,0.0,,,
2022-01-02 20:00:00,76.0,106.0,24.44,47.95,72.4,,51.65,2.74,12.07,0.83,,,,0.93,2.88,25.65,99.9,,28.81,,0.0,,,
2022-01-02 20:15:00,76.0,110.44,83.28,56.5,140.04,,51.79,3.55,10.35,0.86,,,,0.99,2.8,25.52,99.9,,30.15,,0.0,,,
2022-01-02 20:30:00,101.2,114.0,49.19,54.41,103.37,,52.38,3.29,10.72,0.92,,,,1.23,2.93,25.39,99.9,,214.61,,0.0,,,
2022-01-02 20:45:00,103.0,114.0,31.02,60.12,91.11,,52.71,3.21,10.87,1.04,,,,1.72,3.62,25.16,99.9,,306.64,,0.0,,,
2022-01-02 21:00:00,103.0,114.0,187.85,55.49,243.78,,53.44,4.84,8.45,1.2,,,,2.31,4.87,25.01,99.9,,233.75,,0.0,,,
2022-01-02 21:15:00,103.0,147.89,94.86,59.5,154.19,,54.86,3.75,8.99,1.36,,,,2.65,5.51,25.01,99.9,,177.48,,0.0,,,
2022-01-02 21:30:00,128.2,175.0,33.91,55.85,89.75,,54.76,2.86,8.51,1.5,,,,3.01,5.98,25.01,99.9,,305.08,,0.0,,,
2022-01-02 21:45:00,130.0,175.0,26.99,47.42,74.4,,54.4,3.01,8.59,1.69,,,,3.0,5.23,24.58,99.9,,305.2,,0.0,,,
2022-01-02 22:00:00,130.0,175.0,92.99,60.76,153.76,,53.89,3.3,8.17,1.61,,,,3.12,5.33,24.33,99.9,,234.34,,0.0,,,
2022-01-02 22:15:00,,134.44,55.0,29.02,83.88,,,2.78,11.67,1.57,,,,3.28,5.67,24.66,99.9,,32.5,,0.0,,,
2022-01-02 22:30:00,96.4,102.0,88.49,60.91,149.42,,52.59,3.23,8.85,1.62,,,,2.92,4.88,24.92,99.9,,35.28,,0.0,,,
2022-01-02 22:45:00,94.0,102.0,72.13,44.41,116.16,0.88,52.34,2.85,10.8,1.57,,,,2.33,4.82,24.94,99.9,,267.85,,0.0,,,
2022-01-02 23:00:00,94.0,102.0,34.4,54.19,88.62,0.15,51.35,2.54,11.16,1.52,,,,2.63,5.35,24.81,99.9,,307.5,,0.0,,,
2022-01-02 23:15:00,94.0,100.91,145.79,62.37,208.3,,51.19,3.41,7.72,1.47,,,,3.08,5.62,24.67,99.9,,307.35,,0.0,,,
2022-01-02 23:30:00,98.67,100.0,99.57,66.82,166.5,,51.81,3.16,9.0,1.53,,,,3.05,5.49,24.58,99.9,,307.42,,0.0,,,
2022-01-02 23:45:00,99.0,100.0,67.06,57.71,124.56,0.09,51.09,2.94,8.3,1.52,,,,3.17,6.32,24.58,99.9,,307.44,,0.0,,,
2022-01-03 00:00:00,99.0,100.0,25.52,49.56,75.1,,51.61,2.5,9.33,1.68,,,,3.09,6.54,24.51,99.9,,306.67,,0.0,,,
2022-01-03 00:15:00,99.0,104.44,25.38,49.66,75.05,,49.68,2.59,10.04,1.61,,,,2.97,6.85,24.3,99.9,,305.48,,0.0,,,
2022-01-03 00:30:00,,,19.13,41.6,60.71,,50.78,2.09,23.1,1.57,,,,3.15,6.99,24.15,99.9,,306.93,,0.0,,,
2022-01-03 00:45:00,,,8.16,26.34,34.48,,50.68,1.99,31.67,1.52,,,,3.18,6.6,24.27,99.9,,308.06,,0.0,,,
2022-01-03 01:00:00,,,8.95,27.92,36.87,,49.45,1.97,35.21,1.64,,,,2.9,6.43,24.37,99.9,,307.29,,0.0,,,
2022-01-03 01:15:00,,,15.6,30.95,46.54,,49.97,2.02,29.24,1.48,,,,2.95,6.39,24.47,99.9,,307.03,,0.0,,,
2022-01-03 01:30:00,,,15.69,46.11,61.8,,48.69,2.23,19.98,1.62,,,,2.78,6.46,24.44,99.9,,305.67,,0.0,,,
2022-01-03 01:45:00,,,18.07,46.12,64.19,,48.41,2.12,21.45,1.4,,,,2.55,6.0,24.32,99.9,,305.72,,0.0,,,
2024-01-01 00:00:00,,,,,,,,,,,,,,,,,,,,,0.0,,,
2024-01-01 00:15:00,,,,,,,,,,,,,,,,,,,,,0.0,,,
2024-01-01 00:30:00,,,,,,,,,,,,,,,,,,,,,0.0,,,
2024-01-01 00:45:00,,,,,,,,,,,,,,,,,,,,,0.0,,,
2024-01-01 01:00:00,,,,,,,,,,,,,,,,,,,,,0.0,,,
2024-01-01 01:15:00,,,,,,,,,,,,,,,,,,,,,0.0,,,
2024-01-01 01:30:00,,,,,,,,,,,,,,,,,,,,,0.0,,,
2024-01-01 01:45:00,,,,,,,,,,,,,,,,,,,,,0.0,,,
2024-01-01 02:00:00,,,,,,,,,,,,,,,,,,,,,0.0,,,
2024-01-01 02:15:00,,,,,,,,,,,,,,,,,,,,,0.0,,,
2024-01-01 02:30:00,,,,,,,,,,,,,,,,,,,,,0.0,,,
2024-01-01 02:45:00,,,,,,,,,,,,,,,,,,,,,0.0,,,
2024-01-01 03:00:00,,,,,,,,,,,,,,,,,,,,,0.0,,,
2024-01-01 03:15:00,,,,,,,,,,,,,,,,,,,,,0.0,,,
2024-01-01 03:30:00,,,,,,,,,,,,,,,,,,,,,0.0,,,
2024-01-01 03:45:00,,,,,,,,,,,,,,,,,,,,,0.0,,,
2024-01-01 04:00:00,,,,,,,,,,,,,,,,,,,,,0.0,,,
2024-01-01 04:15:00,,,,,,,,,,,,,,,,,,,,,0.0,,,
2024-01-01 04:30:00,,,,,,,,,,,,,,,,,,,,,0.0,,,
2024-01-01 04:45:00,,,,,,,,,,,,,,,,,,,,,0.0,,,
2024-01-01 05:00:00,,,,,,,,,,,,,,,,,,,,,0.0,,,
2024-01-01 05:15:00,,,,,,,,,,,,,,,,,,,,,0.0,,,
2024-01-01 05:30:00,,,,,,,,,,,,,,,,,,,,,0.0,,,
2024-01-01 05:45:00,,,,,,,,,,,,,,,,,,,,,0.0,,,
2024-01-01 06:00:00,,,,,,,,,,,,,,,,,,,,,0.0,,,
2024-01-01 06:15:00,,,,,,,,,,,,,,,,,,,,,0.0,,,
2024-01-01 06:30:00,,,,,,,,,,,,,,,,,,,,,0.0,,,
2024-01-01 06:45:00,,,,,,,,,,,,,,,,,,,,,0.0,,,
2024-01-01 07:00:00,,,,,,,,,,,,,,,,,,,,,0.0,,,
2024-01-01 07:15:00,,,,,,,,,,,,,,,,,,,,,0.0,,,
2024-01-01 07:30:00,,,,,,,,,,,,,,,,,,,,,0.0,,,
2024-01-01 07:45:00,,,,,,,,,,,,,,,,,,,,,0.0,,,
2024-01-01 08:00:00,,,,,,,,,,,,,,,,,,,,,0.0,,,
2024-01-01 08:15:00,,,,,,,,,,,,,,,,,,,,,0.0,,,
2024-01-01 08:30:00,,,,,,,,,,,,,,,,,,,,,0.0,,,
2024-01-01 08:45:00,,,,,,,,,,,,,,,,,,,,,0.0,,,
2024-01-01 09:00:00,,,,,,,,,,,,,,,,,,,,,0.0,,,
2024-01-01 09:15:00,,,,,,,,,,,,,,,,,,,,,0.0,,,
2024-01-01 09:30:00,,,,,,,,,,,,,,,,,,,,,0.0,,,
2024-01-01 09:45:00,,,,,,,,,,,,,,,,,,,,,0.0,,,
2024-01-01 10:00:00,,,,,,,,,,,,,,,,,,,,,0.0,,,
2024-01-01 10:15:00,,,,,,,,,,,,,,,,,,,,,0.0,,,
2024-01-01 10:30:00,,,,,,,,,,,,,,,,,,,,,0.0,,,
2024-01-01 10:45:00,,,,,,,,,,,,,,,,,,,,,0.0,,,
2024-01-01 11:00:00,,,,,,,,,,,,,,,,,,,,,0.0,,,
2024-01-01 11:15:00,,,,,,,,,,,,,,,,,,,,,0.0,,,
2024-01-01 11:30:00,,,,,,,,,,,,,,,,,,,,,0.0,,,
2024-01-01 11:45:00,,,,,,,,,,,,,,,,,,,,,0.0,,,
2024-01-01 12:00:00,,,,,,,,,,,,,,,,,,,,,0.0,,,
2024-01-01 12:15:00,,,,,,,,,,,,,,,,,,,,,0.0,,,
2024-01-01 12:30:00,,,,,,,,,,,,,,,,,,,,,0.0,,,
2024-01-01 12:45:00,,,,,,,,,,,,,,,,,,,,,0.0,,,
2024-01-01 13:00:00,,,,,,,,,,,,,,,,,,,,,0.0,,,
2024-01-01 13:15:00,,,,,,,,,,,,,,,,,,,,,0.0,,,
2024-01-01 13:30:00,,,,,,,,,,,,,,,,,,,,,0.0,,,
2024-01-01 13:45:00,,,,,,,,,,,,,,,,,,,,,0.0,,,
2024-01-01 14:00:00,,,,,,,,,,,,,,,,,,,,,0.0,,,
2024-01-01 14:15:00,,,,,,,,,,,,,,,,,,,,,0.0,,,
2024-01-01 14:30:00,,,,,,,,,,,,,,,,,,,,,0.0,,,
2024-01-01 14:45:00,,,,,,,,,,,,,,,,,,,,,0.0,,,
2024-01-01 15:00:00,,,,,,,,,,,,,,,,,,,,,0.0,,,
2024-01-01 15:15:00,,,,,,,,,,,,,,,,,,,,,0.0,,,
2024-01-01 15:30:00,,,,,,,,,,,,,,,,,,,,,0.0,,,
2024-01-01 15:45:00,,,,,,,,,,,,,,,,,,,,,0.0,,,
2024-01-01 16:00:00,,,,,,,,,,,,,,,,,,,,,0.0,,,
2024-01-01 16:15:00,,,,,,,,,,,,,,,,,,,,,0.0,,,
2024-01-01 16:30:00,,,,,,,,,,,,,,,,,,,,,0.0,,,
2024-01-01 16:45:00,,,,,,,,,,,,,,,,,,,,,0.0,,,
2024-01-01 17:00:00,,,,,,,,,,,,,,,,,,,,,0.0,,,
2024-01-01 17:15:00,,,,,,,,,,,,,,,,,,,,,0.0,,,
2024-01-01 17:30:00,,,,,,,,,,,,,,,,,,,,,0.0,,,
2024-01-01 17:45:00,,,,,,,,,,,,,,,,,,,,,0.0,,,
2024-01-01 18:00:00,,,,,,,,,,,,,,,,,,,,,0.0,,,
2024-01-01 18:15:00,,,,,,,,,,,,,,,,,,,,,0.0,,,
2024-01-01 18:30:00,,,,,,,,,,,,,,,,,,,,,0.0,,,
2024-01-01 18:45:00,,,,,,,,,,,,,,,,,,,,,0.0,,,
2024-01-01 19:00:00,,,,,,,,,,,,,,,,,,,,,0.0,,,
2024-01-01 19:15:00,,,,,,,,,,,,,,,,,,,,,0.0,,,
2024-01-01 19:30:00,,,,,,,,,,,,,,,,,,,,,0.0,,,
2024-01-01 19:45:00,,,,,,,,,,,,,,,,,,,,,0.0,,,
2024-01-01 20:00:00,,,,,,,,,,,,,,,,,,,,,0.0,,,
2024-01-01 20:15:00,,,,,,,,,,,,,,,,,,,,,0.0,,,
2024-01-01 20:30:00,,,,,,,,,,,,,,,,,,,,,0.0,,,
2024-01-01 20:45:00,,,,,,,,,,,,,,,,,,,,,0.0,,,
2024-01-01 21:00:00,,,,,,,,,,,,,,,,,,,,,0.0,,,
2024-01-01 21:15:00,,,,,,,,,,,,,,,,,,,,,0.0,,,
2024-01-01 21:30:00,,,,,,,,,,,,,,,,,,,,,0.0,,,
2024-01-01 21:45:00,,,,,,,,,,,,,,,,,,,,,0.0,,,
2024-01-01 22:00:00,,,,,,,,,,,,,,,,,,,,,0.0,,,
2024-01-01 22:15:00,,,,,,,,,,,,,,,,,,,,,0.0,,,
2024-01-01 22:30:00,,,,,,,,,,,,,,,,,,,,,0.0,,,
2024-01-01 22:45:00,,,,,,,,,,,,,,,,,,,,,0.0,,,
2024-01-01 23:00:00,,,,,,,,,,,,,,,,,,,,,0.0,,,
2024-01-01 23:15:00,,,,,,,,,,,,,,,,,,,,,0.0,,,
2024-01-01 23:30:00,,,,,,,,,,,,,,,,,,,,,0.0,,,
2024-01-01 23:45:00,,,,,,,,,,,,,,,,,,,,,0.0,,,
2024-01-02 00:00:00,,,,,,,,,,,,,,,,,,,,,0.0,,,
2024-01-02 00:15:00,,,,,,,,,,,,,,,,,,,,,0.0,,,
2024-01-02 00:30:00,,,,,,,,,,,,,,,,,,,,,0.0,,,
2024-01-02 00:45:00,,,,,,,,,,,,,,,,,,,,,0.0,,,
