PM2.5 (µg/m³),PM10 (µg/m³),NO (µg/m³),NO2 (µg/m³),NOx (ppb),NH3 (µg/m³),SO2 (µg/m³),CO (mg/m³),Ozone (µg/m³),Benzene (µg/m³),Toluene (µg/m³),AT (°C),RH (%),WS (m/s),WD (deg),SR (W/mt2),BP (mmHg),AQI,AQI_Category,City
75.5,121.7675,1.3675,9.2725,6.045,,4.6,0.9725,,,,33.0,47.93,1.6175,63.95,31.555,850.0,152.2,Moderate,Surat
101.5,162.5675,1.2675,9.475,6.0675,,4.3375,1.1475,,,,31.0825,51.73,1.155,49.52,0.545,850.0,239.0,Poor,Surat
98.25,148.0,1.2475,9.2175,5.915,,4.415,1.3625,,,,29.9825,52.97,1.105,66.1625,0.0,850.0,228.2,Poor,Surat
86.6625,147.775,1.4175,9.37,6.14,,4.63,1.5975,,,,29.0475,55.635,0.7225,64.11,0.0,850.0,189.0,Moderate,Surat
93.75,149.1,1.14,9.4475,5.95,,4.57,1.8075,,,,28.085,58.4925,0.4925,58.255,0.0,850.0,213.4,Poor,Surat
90.5,154.6,1.315,9.4375,6.0875,,4.425,2.025,,,,27.8075,60.4425,0.6725,45.0975,0.0,850.0,202.6,Poor,Surat
87.75,147.6725,1.3975,9.2875,6.075,,4.4075,2.0125,,,,27.65,60.1875,0.62,47.84,0.0,850.0,192.6,Moderate,Surat
79.5,147.0,1.33,9.325,6.0425,,4.395,1.7275,,,,26.4325,63.4575,0.45,198.4925,0.0,850.0,165.4,Moderate,Surat
106.05,180.9675,1.125,9.6925,6.0675,,4.6325,1.5875,,,,25.37,68.4775,0.825,223.105,0.0,850.0,254.0,Poor,Surat
145.25,217.4675,1.32,9.3925,6.07,,4.79,1.3925,,,,25.125,67.4275,0.6675,220.6575,0.0,850.0,320.2,Very Poor,Surat
141.6925,216.4325,1.3375,9.4475,6.115,,5.4575,1.2825,,,,24.5775,67.77,0.9225,219.5875,0.0,850.0,317.5,Very Poor,Surat
140.75,205.4325,1.2225,9.3475,5.965,,6.1575,1.1325,,,,24.1,67.835,1.345,226.375,0.0,850.0,316.8,Very Poor,Surat
115.9575,183.9325,1.365,9.2475,6.0275,,4.8925,0.94,,,,23.78,66.62,0.7025,198.4425,0.0,850.0,286.7,Poor,Surat
97.0,142.4,1.23,9.495,6.0525,,4.565,1.005,,,,23.445,67.8575,0.6275,210.34,0.0,850.0,224.1,Poor,Surat
110.2925,168.6,1.345,9.4025,6.095,,7.9575,1.295,,,,24.125,67.235,1.0075,202.2975,50.43,850.0,268.0,Poor,Surat
157.0,250.2325,1.285,9.3025,5.99,,11.5725,1.4825,,,,26.26,62.17,1.22,199.0925,203.245,850.0,329.2,Very Poor,Surat
173.75,277.0325,1.4325,9.2775,6.1025,,12.575,1.54,,,,28.6375,54.49,1.9525,199.5075,350.1525,850.0,341.9,Very Poor,Surat
169.3325,267.8675,1.38,9.2675,6.0475,,6.7875,1.2975,,,,30.47,52.2875,1.7025,220.805,430.3325,850.0,338.6,Very Poor,Surat
133.6825,199.4,1.2475,9.3725,6.0025,,5.5925,1.1975,,,,33.255,46.625,0.9675,182.425,473.365,850.0,311.4,Very Poor,Surat
122.075,185.6675,1.26,9.2125,5.925,,5.4825,1.27,,,,35.5175,42.6825,0.99,189.5725,466.215,850.0,302.6,Very Poor,Surat
126.8825,186.3,1.1275,9.2625,5.8425,,5.1575,0.96,,,,34.8525,41.325,2.18,158.15,447.3775,850.0,306.2,Very Poor,Surat
84.9925,129.225,1.345,9.39,6.0875,,4.625,0.84,,,,35.285,40.3775,2.005,163.07,340.4875,850.0,183.5,Moderate,Surat
60.825,98.7675,1.3925,9.245,6.0475,,5.0025,0.81,,,,35.42,38.0125,1.915,133.995,195.955,850.0,103.7,Moderate,Surat
58.0,104.285,1.2725,9.275,5.97,,4.39,0.8525,,,,35.265,39.8,1.41,122.245,89.405,850.0,103.8,Moderate,Surat
67.25,119.6325,1.2525,9.415,6.025,,4.1275,0.975,,,,33.73,43.6875,1.0175,106.2375,30.93,850.0,124.9,Moderate,Surat
70.75,123.0,1.28,9.37,6.025,,4.4625,1.2025,,,,30.7975,57.485,1.315,58.785,0.5525,850.0,136.5,Moderate,Surat
104.5,185.7,1.27,9.3575,6.0125,,4.6975,1.5075,,,,29.725,62.5625,0.945,47.44,0.0,850.0,248.8,Poor,Surat
104.25,170.6,1.435,9.3875,6.16,,4.535,2.1075,,,,28.98,64.8425,0.7225,41.945,0.0,850.0,248.0,Poor,Surat
118.25,189.0,1.225,9.355,5.97,,4.6525,2.0075,,,,28.0625,63.8225,0.43,92.48,0.0,850.0,294.2,Poor,Surat
127.8,201.8325,1.3325,9.4625,6.115,,4.7825,1.95,,,,28.06,60.595,0.4575,129.565,0.0,850.0,306.9,Very Poor,Surat
167.025,265.4675,1.2975,9.3375,6.0175,,4.9225,2.255,,,,26.665,64.865,0.6675,217.065,0.0,850.0,336.8,Very Poor,Surat
222.25,321.3,1.2925,9.5675,6.14,,4.86,1.9225,,,,25.87,66.1375,0.23,128.455,0.0,850.0,378.9,Very Poor,Surat
187.25,275.5675,1.2375,9.3975,6.005,,6.4575,1.665,,,,26.0175,63.695,1.2025,233.0075,0.0,850.0,352.2,Very Poor,Surat
167.0,266.8625,1.205,9.4475,6.005,,7.13,1.1275,,,,25.58,62.845,1.525,231.155,0.0,850.0,336.8,Very Poor,Surat
132.2075,215.3325,1.3725,9.4625,6.1475,,8.465,1.12,,,,25.245,61.7075,1.4775,215.1525,0.0,850.0,310.3,Very Poor,Surat
133.75,215.7675,1.3875,9.2625,6.055,,11.79,1.1175,,,,24.69,62.2525,1.8925,213.6025,0.0,850.0,311.5,Very Poor,Surat
125.7925,192.4675,1.225,9.455,6.025,,12.2825,1.07,,,,24.1875,63.8775,1.815,209.6725,0.0,850.0,305.4,Very Poor,Surat
117.8875,190.025,1.21,9.4375,6.0025,,8.8925,1.005,,,,23.2,65.805,1.1025,198.725,0.0,850.0,293.0,Poor,Surat
87.8425,175.8325,1.245,9.35,5.99,,7.125,1.195,,,,23.135,66.655,1.04,200.1725,58.3875,850.0,192.9,Moderate,Surat
34.0,172.0,0.99,9.3525,5.78,,10.16,1.4175,,,,25.7875,58.835,1.9825,200.4225,219.53,850.0,148.5,Moderate,Surat
60.5,174.1,1.2275,9.465,6.03,,6.84,1.1875,,,,28.45,53.5175,2.235,203.41,368.92,850.0,149.9,Moderate,Surat
138.5,174.8325,1.265,9.25,5.9525,,6.245,1.21,,,,31.0925,47.9,1.905,183.9925,443.18,850.0,315.1,Very Poor,Surat
132.5,180.0775,1.3275,9.2575,6.0025,,6.2875,1.3,,,,34.94,39.455,0.89,159.725,487.03,850.0,310.5,Very Poor,Surat
113.75,206.5075,1.405,9.2825,6.08,,6.095,1.2425,,,,36.6775,35.435,0.99,189.0875,464.2175,850.0,279.4,Poor,Surat
58.9175,182.8675,1.3525,9.245,6.0175,,5.17,0.94,,,,36.91,31.57,1.42,219.77,444.545,850.0,155.7,Moderate,Surat
21.0,143.0,1.3775,9.2675,6.05,,5.425,0.7525,,,,36.4075,31.51,1.895,191.78,336.51,850.0,129.4,Moderate,Surat
21.0,143.0,1.3725,9.2425,6.0325,,4.7675,0.7875,,,,36.315,35.765,1.4075,199.09,193.5225,850.0,129.4,Moderate,Surat
36.75,139.0,1.305,9.4225,6.0725,,4.38,0.9025,,,,35.2525,44.7975,1.0275,105.415,91.1375,850.0,126.7,Moderate,Surat
81.75,127.6,1.0875,9.41,5.89,,4.22,0.96,,,,33.175,48.0275,0.85,107.36,30.7225,850.0,172.8,Moderate,Surat
75.0,123.0,1.32,9.3925,6.0675,,4.0625,1.2275,,,,30.7275,53.575,0.885,72.6825,0.455,850.0,150.5,Moderate,Surat
78.2925,129.4675,1.3325,9.55,6.165,,4.3225,1.3775,,,,30.0525,55.05,1.09,50.3325,0.0,850.0,161.4,Moderate,Surat
89.1425,152.5675,1.465,9.2075,6.0875,,5.2575,1.64,,,,29.14,57.8525,0.6025,72.1625,0.0,850.0,197.2,Moderate,Surat
105.75,170.3325,1.385,9.3375,6.095,,5.66,2.1125,,,,27.8275,63.115,0.3625,117.275,0.0,850.0,253.0,Poor,Surat
125.5175,197.2675,1.2775,9.335,6.0075,,5.1175,1.895,,,,27.255,64.565,0.395,154.3425,0.0,850.0,305.2,Very Poor,Surat
125.6925,189.065,1.3175,9.41,6.08,,4.985,1.7575,,,,27.14,65.5125,0.435,150.05,0.0,850.0,305.3,Very Poor,Surat
137.5,211.8675,1.1775,9.47,5.995,,5.065,1.96,,,,26.405,67.0725,0.5225,211.655,0.0,850.0,314.3,Very Poor,Surat
158.25,238.6675,1.1525,9.4525,5.9625,,5.67,1.6725,,,,26.06,62.21,0.4725,192.55,0.0,850.0,330.1,Very Poor,Surat
163.0,233.8,1.365,9.1925,6.0,,8.11,1.375,,,,25.8925,62.3325,1.6475,226.085,0.0,850.0,333.7,Very Poor,Surat
155.0,230.8675,1.325,9.3325,6.04,,7.81,1.0575,,,,24.7425,62.8475,1.865,223.6375,0.0,850.0,327.7,Very Poor,Surat
114.75,180.7325,1.25,9.3025,5.965,,6.7875,0.9425,,,,24.2125,63.055,1.8275,223.405,0.0,850.0,282.7,Poor,Surat
91.3075,143.9675,1.2475,9.2675,5.945,,6.0325,0.93,,,,23.9025,61.1725,0.935,214.5075,0.0,850.0,205.3,Poor,Surat
97.3575,149.1675,1.31,9.2225,5.9725,,6.335,1.11,,,,23.145,64.2275,0.8225,213.3975,0.0,850.0,225.3,Poor,Surat
145.3375,218.1775,1.345,9.4475,6.115,,6.225,1.34,,,,23.49,63.67,0.5675,209.0825,49.38,850.0,320.3,Very Poor,Surat
191.25,296.1675,1.385,9.3875,6.12,,7.6625,1.545,,,,26.5025,59.8025,0.86,167.155,204.315,850.0,355.3,Very Poor,Surat
202.85,331.7675,1.15,9.48,5.9775,,9.7625,1.495,,,,28.7975,53.5225,1.8725,210.9875,342.56,850.0,364.1,Very Poor,Surat
169.25,273.415,1.26,9.525,6.0875,,6.37,1.335,,,,31.395,47.145,1.87,208.06,428.7825,850.0,338.5,Very Poor,Surat
150.0,221.1325,1.5,9.2475,6.14,,5.1275,1.12,,,,33.84,39.9125,1.685,201.475,492.955,850.0,323.8,Very Poor,Surat
96.0,154.0175,1.3325,9.0925,5.9225,,4.83,0.805,,,,35.12,33.065,1.94,217.9375,478.9675,850.0,220.8,Poor,Surat
55.25,101.6475,1.22,9.1325,5.8525,,5.72,0.7075,,,,35.825,29.75,1.9,202.1225,437.36,850.0,102.1,Moderate,Surat
42.2075,79.5675,1.2075,9.2625,5.905,,5.2075,0.6975,,,,36.1125,29.7,1.9,202.79,331.795,850.0,80.0,Satisfactory,Surat
46.9675,68.9675,1.2475,9.4725,6.055,,5.3825,0.725,,,,35.4575,31.8775,1.87,187.19,184.6625,850.0,78.7,Satisfactory,Surat
50.9675,82.9325,1.4275,9.2825,6.1,,5.2675,0.745,,,,35.475,33.7,1.055,223.2675,85.02,850.0,85.2,Satisfactory,Surat
63.0,100.0,1.485,9.1575,6.075,,4.835,0.9675,,,,33.015,44.3725,0.8575,138.94,33.195,850.0,110.9,Moderate,Surat
91.25,144.2325,1.5425,9.2125,6.1525,,4.3975,1.09,,,,30.5,51.8725,0.9775,91.9425,0.5625,850.0,205.1,Poor,Surat
88.0,137.025,1.215,9.4475,6.0125,,4.44,1.1925,,,,29.845,48.0225,0.9675,59.0825,0.0,850.0,193.4,Moderate,Surat
71.5,115.7325,1.405,9.3525,6.115,,4.685,1.445,,,,29.23,50.9625,0.885,55.7575,0.0,850.0,139.0,Moderate,Surat
83.25,130.8,1.3275,9.2675,6.01,,4.82,1.785,,,,28.465,50.1425,0.63,40.0125,0.0,850.0,177.7,Moderate,Surat
85.4925,149.8,1.3375,9.4125,6.09,,4.9025,2.445,,,,27.82,50.79,0.585,124.4725,0.0,850.0,185.1,Moderate,Surat
104.75,177.8,1.3725,9.2825,6.055,,4.835,2.495,,,,25.995,56.2025,0.34,265.2925,0.0,850.0,249.7,Poor,Surat
92.725,163.0675,1.3625,9.2875,6.0475,,4.6625,2.5025,,,,25.185,61.345,0.2175,155.9675,0.0,850.0,210.0,Poor,Surat
112.75,181.4675,1.345,9.3225,6.0525,,5.1375,2.4125,,,,25.045,63.5325,0.6775,220.865,0.0,850.0,276.1,Poor,Surat
187.75,287.7,1.2325,9.2575,5.9275,,6.0275,2.17,,,,24.4175,66.645,0.5125,209.5475,0.0,850.0,352.6,Very Poor,Surat
238.75,377.9325,1.3725,9.42,6.1225,,5.45,1.905,,,,23.73,68.6325,0.455,182.25,0.0,850.0,391.4,Very Poor,Surat
201.25,300.7325,1.26,9.355,6.0025,,5.555,1.87,,,,23.825,68.88,0.5275,180.075,0.0,850.0,362.9,Very Poor,Surat
215.25,323.5525,1.225,9.4825,6.0375,,5.745,1.85,,,,23.385,70.3675,0.49,193.8475,0.0,850.0,373.5,Very Poor,Surat
206.75,318.275,1.3625,9.355,6.0825,,6.2975,1.68,,,,23.1075,74.0425,1.12,219.225,0.0,850.0,367.1,Very Poor,Surat
200.5,322.525,1.34,9.41,6.095,,10.7725,1.7925,,,,23.0625,74.38,1.275,212.485,39.6025,850.0,362.3,Very Poor,Surat
212.25,352.425,1.205,9.435,6.0,,15.055,1.84,,,,25.2225,67.4725,1.28,225.425,207.0625,850.0,371.3,Very Poor,Surat
199.75,341.4475,1.43,9.425,6.1725,,8.5675,1.42,,,,27.8325,58.0825,1.64,194.275,341.91,850.0,361.7,Very Poor,Surat
146.1675,208.8675,1.3,9.3225,6.015,,7.505,1.315,,,,30.4875,51.03,1.9425,174.5225,431.68,850.0,320.9,Very Poor,Surat
124.25,184.7575,1.345,9.3325,6.0575,,6.445,1.225,,,,32.595,45.84,1.7125,170.695,481.8425,850.0,304.2,Very Poor,Surat
98.25,157.65,1.3925,9.4575,6.16,,5.94,1.09,,,,35.5275,38.3875,1.05,171.8125,445.3575,850.0,228.2,Poor,Surat
87.25,150.525,1.3925,9.375,6.1175,,5.5325,1.075,,,,36.08,40.425,1.2275,207.3,373.585,850.0,190.9,Moderate,Surat
117.0,181.62,1.34,9.24,6.0075,,5.9075,1.19,,,,34.955,48.63,1.15,154.7825,276.2925,850.0,290.1,Poor,Surat
153.8675,219.9,1.3475,9.175,5.9775,,5.185,1.215,,,,34.52,49.67,1.0725,141.1125,169.6675,850.0,326.8,Very Poor,Surat
157.25,225.3675,1.1225,9.36,5.89,,4.6825,1.195,,,,33.3225,52.6775,0.935,117.0575,81.3575,850.0,329.4,Very Poor,Surat
132.2075,186.1675,1.305,9.4075,6.0625,,4.6875,1.2325,,,,31.3975,58.435,0.485,153.1325,27.5675,850.0,310.3,Very Poor,Surat
139.25,174.4925,1.275,9.455,6.0675,,4.7675,1.55,,,,29.04,62.7275,0.5425,155.7975,0.3375,850.0,315.7,Very Poor,Surat
145.5,196.7925,1.255,9.4875,6.0625,,4.705,1.8025,,,,27.6325,64.71,0.3475,202.8925,0.0,850.0,320.4,Very Poor,Surat
140.75,202.1825,1.39,9.5375,6.2025,,4.8125,2.765,,,,27.0425,69.7625,0.5275,184.8175,0.0,850.0,316.8,Very Poor,Surat
161.1425,235.9,1.225,9.52,6.06,,4.8375,3.2,,,,26.655,70.585,0.48,241.43,0.0,850.0,332.3,Very Poor,Surat
164.25,239.69,1.4825,9.4275,6.22,,4.6875,2.5425,,,,25.9675,70.1325,0.285,200.6825,0.0,850.0,334.7,Very Poor,Surat
141.5,198.825,1.375,9.38,6.1075,,4.4975,2.1825,,,,25.545,66.97,0.5275,209.11,0.0,850.0,317.4,Very Poor,Surat
150.5,218.1,1.3625,9.2725,6.0425,,5.2375,2.2825,,,,25.0275,70.21,0.575,207.0375,0.0,850.0,324.2,Very Poor,Surat
219.25,331.6575,1.3625,9.5325,6.18,,5.5775,2.2525,,,,24.595,75.15,0.6,217.8325,0.0,850.0,376.6,Very Poor,Surat
259.6,401.6,1.36,9.4875,6.1525,,4.98,1.8275,,,,23.9825,78.975,0.49,209.9175,0.0,850.0,404.8,Severe,Surat
194.75,289.7925,1.305,9.39,6.0575,,4.58,1.4175,,,,23.685,82.735,0.94,231.5025,0.0,850.0,357.9,Very Poor,Surat
175.5,265.8975,1.2325,9.455,6.03,,5.195,1.3975,,,,23.32,85.3425,0.61,169.7125,0.0,850.0,343.3,Very Poor,Surat
208.5,336.65,1.195,9.37,5.9525,,5.7575,1.46,,,,23.305,82.6275,0.6825,204.38,0.0,850.0,368.4,Very Poor,Surat
202.75,315.9925,1.1625,9.4825,5.99,,7.2525,1.3575,,,,23.1925,75.685,1.4325,213.3425,0.0,850.0,364.0,Very Poor,Surat
188.125,275.8,1.21,9.375,5.97,,8.0875,1.2125,,,,22.935,74.57,1.37,217.19,34.395,850.0,352.9,Very Poor,Surat
148.25,217.9325,1.3225,9.405,6.075,,10.0,1.41,,,,24.8,68.9775,1.44,214.8975,174.5025,850.0,322.5,Very Poor,Surat
151.3,247.8,1.285,9.5425,6.12,,17.2125,1.67,,,,27.5525,61.6425,1.705,209.05,335.4225,850.0,324.8,Very Poor,Surat
197.5,297.9675,1.05,9.525,5.92,,10.1575,1.3825,,,,30.7125,56.89,1.255,200.275,418.2675,850.0,360.0,Very Poor,Surat
142.25,214.5925,1.225,9.455,6.0275,,5.9425,1.4,,,,33.1475,47.655,1.0525,186.6925,471.7575,850.0,317.9,Very Poor,Surat
129.75,215.2425,1.385,9.3075,6.075,,5.1825,1.3725,,,,35.34,39.755,0.89,178.2,451.125,850.0,308.4,Very Poor,Surat
112.1675,165.9325,1.405,9.3425,6.1125,,4.78,1.2775,,,,36.295,35.3625,0.9475,121.2425,399.5,850.0,274.2,Poor,Surat
90.25,134.8975,1.355,9.3575,6.08,,4.3675,1.0675,,,,37.275,33.34,1.025,173.1125,309.075,850.0,201.8,Poor,Surat
68.7925,103.0325,1.3075,9.4075,6.0675,,4.25,0.97,,,,36.4325,37.4375,0.9425,165.1525,225.7525,850.0,130.0,Moderate,Surat
64.0,107.925,1.1725,9.365,5.9325,,4.2925,0.9625,,,,35.79,38.15,0.935,162.17,128.88,850.0,114.2,Moderate,Surat
61.0,93.1675,1.25,9.37,5.9975,,4.275,1.015,,,,33.6825,44.5625,0.7775,189.0325,41.89,850.0,104.3,Moderate,Surat
73.0975,130.21,1.3525,9.3875,6.0925,,4.4275,1.185,,,,29.29,68.3225,0.72,180.275,0.71,850.0,144.2,Moderate,Surat
111.75,235.62,1.3725,9.31,6.0675,,4.6525,1.405,,,,27.635,77.275,0.6775,196.6925,0.0,850.0,272.8,Poor,Surat
117.3825,221.2675,1.27,9.445,6.0575,,4.52,1.415,,,,26.6275,83.6875,0.475,176.7525,0.0,850.0,291.4,Poor,Surat
128.0,206.515,1.105,9.52,5.9625,,4.4075,1.36,,,,26.1175,87.5025,0.5325,193.535,0.0,850.0,307.1,Very Poor,Surat
130.9,198.45,1.235,9.37,5.99,,4.1725,1.36,,,,25.16,89.5425,0.2675,195.9,0.0,850.0,309.3,Very Poor,Surat
157.5,222.6325,1.315,9.3675,6.0525,,4.0925,1.5625,,,,24.715,92.1075,0.42,184.0425,0.0,850.0,329.6,Very Poor,Surat
220.875,307.2675,1.305,9.44,6.0825,,4.12,1.6725,,,,24.9125,87.1375,0.58,154.64,0.0,850.0,377.8,Very Poor,Surat
253.3075,351.35,1.23,9.5375,6.0725,,4.5225,1.91,,,,24.7075,82.5275,0.3825,216.5175,0.0,850.0,402.3,Severe,Surat
245.8225,388.8075,1.2225,9.43,6.01,,4.935,1.8325,,,,24.4825,81.4075,0.47,221.885,0.0,850.0,396.8,Very Poor,Surat
233.925,374.525,1.4,9.2975,6.085,,4.8975,1.695,,,,24.28,81.81,0.4175,132.675,0.0,850.0,387.8,Very Poor,Surat
221.75,310.5175,1.3875,9.5,6.18,,5.0,1.7975,,,,23.94,83.52,0.4175,173.9225,0.0,850.0,378.5,Very Poor,Surat
220.9175,316.8325,1.2875,9.47,6.0825,,4.7225,1.71,,,,23.6075,89.4525,0.405,237.1125,0.0,850.0,377.9,Very Poor,Surat
193.5,277.94,1.1525,9.5025,5.9925,,5.1575,1.695,,,,22.9175,89.245,0.8325,216.335,0.0,850.0,357.0,Very Poor,Surat
239.25,334.5325,1.325,9.44,6.0975,,5.405,1.7175,,,,22.8025,85.0325,0.6925,214.9025,32.4375,850.0,391.8,Very Poor,Surat
272.25,394.785,1.3125,9.34,6.035,,7.55,1.8975,,,,24.4575,78.5725,1.67,212.5425,155.8925,850.0,409.8,Severe,Surat
237.5,360.9675,1.3725,9.43,6.13,,7.4125,1.77,,,,26.995,70.0125,1.09,183.1625,289.0625,850.0,390.5,Very Poor,Surat
222.6925,326.2,1.31,9.385,6.0575,,7.165,1.7325,,,,29.9425,59.5175,1.455,132.0425,379.2275,850.0,379.2,Very Poor,Surat
201.175,284.5325,1.485,9.3775,6.195,,5.53,1.29,,,,31.7875,49.705,1.665,123.7625,445.97,850.0,362.8,Very Poor,Surat
113.6175,162.6,1.4075,9.435,6.1625,,4.9325,1.1625,,,,33.115,46.3,1.58,118.4125,439.1525,850.0,278.9,Poor,Surat
99.0,139.81,1.2125,9.4575,6.015,,5.33,0.9475,,,,33.1975,42.1975,2.4025,175.0075,394.89,850.0,230.7,Poor,Surat
80.4675,116.29,1.2725,9.2575,5.955,,4.84,0.8,,,,34.12,37.4325,1.7,176.145,309.5125,850.0,168.5,Moderate,Surat
58.55,79.9675,1.255,9.4225,6.0275,,4.535,0.7975,,,,34.26,37.8125,1.2575,134.8625,172.5775,850.0,97.6,Satisfactory,Surat
55.6925,72.3325,1.13,9.3325,5.8825,,4.47,0.85,,,,34.33,38.605,0.855,101.1725,80.675,850.0,93.0,Satisfactory,Surat
56.8925,83.5,1.3325,9.405,6.0825,,4.4175,1.0375,,,,32.7475,43.7125,0.6825,83.3425,27.905,850.0,94.9,Satisfactory,Surat
58.515,107.87,1.195,9.2875,5.91,,4.5575,1.285,,,,30.4675,56.24,1.4,59.55,0.245,850.0,106.2,Moderate,Surat
102.55,154.5675,1.2275,9.3725,5.985,,4.6,1.4775,,,,29.31,61.0775,1.02,57.165,0.0,850.0,242.4,Poor,Surat
102.5,158.8,1.4875,9.29,6.15,,4.595,1.5525,,,,28.5725,62.97,0.8425,103.02,0.0,850.0,242.2,Poor,Surat
116.725,151.3,1.265,9.4075,6.03,,4.42,1.525,,,,28.0175,67.19,0.7625,99.1475,0.0,850.0,289.2,Poor,Surat
116.825,169.6675,1.26,9.4525,6.0525,,4.29,1.585,,,,27.2725,67.91,0.4375,90.695,0.0,850.0,289.5,Poor,Surat
110.9675,159.9,1.37,9.36,6.0925,,4.2375,1.555,,,,26.6725,67.1325,0.445,169.035,0.0,850.0,270.2,Poor,Surat
115.5,158.3525,1.2925,9.48,6.0925,,4.4075,1.54,,,,26.8125,61.53,0.465,146.7325,0.0,850.0,285.2,Poor,Surat
116.1325,171.3325,1.425,9.3425,6.13,,4.29,1.3625,,,,26.3675,61.5025,0.48,137.325,0.0,850.0,287.2,Poor,Surat
101.1,148.35,1.3275,9.435,6.0975,,4.41,1.1675,,,,26.0425,62.255,0.9325,205.1,0.0,850.0,237.6,Poor,Surat
97.0,129.9325,1.2825,9.455,6.07,,4.9825,1.09,,,,25.09,66.44,0.6675,164.1825,0.0,850.0,224.1,Poor,Surat
105.475,149.025,1.165,9.52,6.0125,,4.6125,1.0,,,,24.3875,70.2125,0.985,112.9375,0.0,850.0,252.1,Poor,Surat
89.75,127.095,1.3125,9.445,6.0925,,4.3275,0.9525,,,,23.8475,72.99,1.0625,47.78,0.0,850.0,199.2,Moderate,Surat
104.9675,131.9,1.34,9.32,6.0475,,4.325,0.9625,,,,23.585,72.1375,0.73,150.545,0.0,850.0,250.4,Poor,Surat
108.9675,134.9,1.335,9.3875,6.0775,,4.4425,1.0475,,,,23.8225,71.7175,0.525,122.99,38.1075,850.0,263.6,Poor,Surat
118.7675,183.7,1.3625,9.38,6.1,,4.65,1.29,,,,26.8,65.57,0.4675,106.1125,165.38,850.0,295.9,Poor,Surat
143.1425,229.6675,1.4,9.405,6.14,,5.1675,1.425,,,,28.4925,58.4425,1.875,180.0375,303.7575,850.0,318.6,Very Poor,Surat
145.5075,212.4325,1.3575,9.2625,6.03,,5.3575,1.21,,,,29.5775,54.445,2.425,184.8375,390.9275,850.0,320.4,Very Poor,Surat
118.1325,174.2325,1.4275,9.285,6.1,,4.9525,1.065,,,,31.25,49.655,2.655,166.885,450.345,850.0,293.8,Poor,Surat
87.15,142.2,0.9925,9.445,5.8025,,3.9175,0.8375,,,,32.52,46.0,2.53,151.65,451.0275,850.0,190.6,Moderate,Surat
40.25,103.2325,1.3025,9.4375,6.0775,,3.8325,0.8425,,,,33.6475,42.5825,2.11,121.335,405.355,850.0,103.1,Moderate,Surat
76.0325,84.2675,1.3175,9.3925,6.0675,,3.8775,0.8425,,,,33.785,40.7575,2.4575,155.06,313.1525,850.0,153.9,Moderate,Surat
68.5,94.7675,1.205,9.27,5.91,,3.9225,0.7575,,,,34.0625,39.895,1.8625,145.085,175.015,850.0,129.0,Moderate,Surat
51.25,92.3675,1.1375,9.485,5.9675,,3.82,0.685,,,,33.3,40.3825,1.8525,143.8275,81.655,850.0,92.5,Satisfactory,Surat
54.5,89.8,1.165,9.5675,6.0375,,3.9,0.8125,,,,32.325,43.25,1.18,119.2775,27.7375,850.0,91.0,Satisfactory,Surat
91.2425,103.5925,1.2,9.3275,5.9375,,4.0025,0.955,,,,30.7625,47.49,1.255,83.2175,0.2525,850.0,205.1,Poor,Surat
83.0,122.6975,1.335,9.305,6.0325,,3.985,1.0475,,,,29.71,49.0275,1.3525,109.0475,0.0,850.0,176.9,Moderate,Surat
122.0,125.0,1.21,9.4625,6.015,,3.8075,1.12,,,,28.975,51.08,1.1475,100.6125,0.0,850.0,302.5,Very Poor,Surat
113.75,124.2825,1.355,9.4125,6.1075,,3.8125,1.175,,,,28.445,52.41,1.0475,117.7075,0.0,850.0,279.4,Poor,Surat
78.25,124.5675,1.215,9.46,6.0225,,3.8,1.18,,,,28.035,54.06,1.2275,100.7925,0.0,850.0,161.2,Moderate,Surat
90.6125,138.1925,1.245,9.4225,6.025,,3.8025,1.265,,,,27.735,55.095,1.265,113.03,0.0,850.0,203.0,Poor,Surat
126.75,161.1325,1.21,9.3675,5.9675,,3.8275,1.33,,,,26.8175,57.6175,0.7825,174.4625,0.0,850.0,306.1,Very Poor,Surat
124.0,175.345,1.15,9.41,5.94,,4.0525,1.2875,,,,26.0925,60.8925,1.2225,192.9075,0.0,850.0,304.0,Very Poor,Surat
111.0,161.8675,1.2025,9.4575,6.0075,,4.0125,1.1675,,,,25.86,60.6675,0.88,166.47,0.0,850.0,270.3,Poor,Surat
87.0,136.8325,1.2375,9.4475,6.03,,3.9925,1.0875,,,,25.46,61.2475,0.6275,179.595,0.0,850.0,190.1,Moderate,Surat
79.0,111.4475,1.305,9.375,6.0475,,3.975,1.045,,,,25.715,60.55,0.85,102.18,0.0,850.0,163.7,Moderate,Surat
80.7925,115.5325,1.155,9.37,5.9225,,3.925,1.0225,,,,25.6075,61.7125,0.9625,93.97,0.0,850.0,169.6,Moderate,Surat
80.5,117.7325,1.215,9.325,5.9475,,3.915,1.0325,,,,24.735,65.1375,0.92,73.96,0.0,850.0,168.6,Moderate,Surat
99.25,135.8325,1.4025,9.2925,6.0825,,3.775,1.1025,,,,24.55,65.995,1.08,104.2175,40.42,850.0,231.5,Poor,Surat
133.0,165.9675,1.285,9.5025,6.0975,,3.97,1.2375,,,,26.525,61.485,0.955,119.9025,180.3675,850.0,310.9,Very Poor,Surat
162.5,208.7675,1.3275,9.4425,6.105,,3.9,1.34,,,,29.3625,53.6975,1.32,134.7175,319.17,850.0,333.4,Very Poor,Surat
155.75,215.3675,1.2875,9.38,6.035,,3.855,1.3375,,,,31.5625,46.2425,1.7025,155.725,397.97,850.0,328.2,Very Poor,Surat
111.5,161.6675,1.3,9.2525,5.9775,,3.8,1.255,,,,32.1525,43.99,2.425,154.36,456.09,850.0,272.0,Poor,Surat
106.25,149.1,1.37,9.275,6.0475,,3.875,1.14,,,,32.66,43.685,3.055,173.045,452.0025,850.0,254.6,Poor,Surat
98.0,125.085,1.275,9.39,6.0325,,3.9075,0.995,,,,33.7475,39.9,2.7775,163.5675,413.77,850.0,227.4,Poor,Surat
74.25,94.5675,1.24,9.44,6.03,,3.8375,0.8925,,,,34.36,37.04,2.74,170.6025,323.4875,850.0,148.0,Moderate,Surat
57.4825,77.9,1.1325,9.4325,5.9375,,3.8,0.835,,,,34.49,35.605,2.0375,151.99,189.9575,850.0,95.9,Satisfactory,Surat
59.0,72.1675,1.2175,9.4275,6.0025,,3.7975,0.82,,,,33.705,38.0525,1.8025,158.9725,93.9525,850.0,98.4,Satisfactory,Surat
60.9325,80.2,1.225,9.405,6.0,,3.805,0.89,,,,32.3725,41.1475,1.69,136.09,27.7825,850.0,104.1,Moderate,Surat
57.0,99.31,1.3075,9.2625,5.99,,3.825,1.0,,,,30.88,44.31,1.54,105.58,0.1775,850.0,99.3,Satisfactory,Surat
33.5,119.2575,1.3375,9.3025,6.0325,,3.7325,1.1175,,,,29.95,46.7025,1.365,110.585,0.0,850.0,113.7,Moderate,Surat
71.0,133.9675,1.3925,9.37,6.1175,,3.7425,1.2575,,,,29.2225,50.28,1.5125,121.0225,0.0,850.0,137.3,Moderate,Surat
119.25,149.3325,1.3425,9.355,6.065,,3.785,1.095,,,,28.74,52.7775,1.4,105.81,0.0,850.0,297.5,Poor,Surat
105.0,158.45,1.385,9.3125,6.0775,,3.8025,1.24,,,,28.22,54.98,1.29,94.1275,0.0,850.0,250.5,Poor,Surat
114.0,167.2,1.265,9.35,6.0025,,3.8775,1.2975,,,,27.44,56.2675,1.4125,120.595,0.0,850.0,280.2,Poor,Surat
114.0,180.5325,1.3475,9.3375,6.06,,3.9975,1.285,,,,27.0325,56.4825,1.1175,123.3425,0.0,850.0,280.2,Poor,Surat
114.03571,177.1375,1.45,9.315,6.135,,3.9525,1.2325,,,,26.4625,57.335,1.045,106.01,0.0,850.0,280.3,Poor,Surat
114.5,163.5325,1.18,9.42,5.97,,3.9,1.165,,,,26.2,55.75,1.165,117.025,0.0,850.0,281.8,Poor,Surat
115.07143,132.0175,1.2825,9.33,6.0075,,3.9,1.0875,,,,25.82,55.8175,1.1425,132.85,0.0,850.0,283.7,Poor,Surat
115.64286,112.0325,1.48,9.3125,6.155,,3.9,1.04,,,,25.3375,56.02,1.3025,166.8575,0.0,850.0,285.6,Poor,Surat
116.21429,119.2,1.42,9.3025,6.1075,,3.8725,0.99,,,,24.63,58.1675,1.4825,190.2475,0.0,850.0,287.5,Poor,Surat
116.78571,122.8325,1.225,9.525,6.065,,3.765,1.0425,,,,23.7275,64.1225,1.09,198.1275,0.0,850.0,289.4,Poor,Surat
117.28571,200.2425,1.285,9.3675,6.0275,,3.95,1.17,,,,23.7525,70.55,1.3,188.7125,23.46,850.0,291.0,Poor,Surat
,286.5,1.3875,9.39,6.12,,3.9425,1.16,,,,24.87,67.025,1.825,190.3425,87.07,850.0,237.1,Poor,Surat
,221.1675,1.32,9.385,6.06,,4.19,1.3525,,,,26.8325,60.3625,2.7675,191.625,257.8025,850.0,181.0,Moderate,Surat
,271.0,1.4025,9.33,6.105,,4.2425,1.4125,,,,29.385,52.575,3.1475,196.39,369.05,850.0,221.8,Poor,Surat
,247.2,1.2425,9.3275,5.9725,,4.16,1.2525,,,,30.875,47.5225,3.6925,199.475,433.595,850.0,198.2,Moderate,Surat
,175.7675,1.215,9.42,5.9975,,4.1725,1.1075,,,,32.0325,45.375,3.4775,195.5375,433.99,850.0,151.0,Moderate,Surat
,198.0,1.27,9.3175,5.9875,,4.03,1.01,,,,32.8825,41.7325,3.045,178.9475,385.94,850.0,165.7,Moderate,Surat
,198.0,1.2725,9.45,6.0625,,3.9075,0.91,,,,33.075,39.84,2.91,181.0725,304.2125,850.0,165.7,Moderate,Surat
,198.0,1.305,9.4575,6.0925,,3.8175,0.8625,,,,32.8375,40.185,2.5225,171.1025,183.48,850.0,165.7,Moderate,Surat
,191.625,1.2275,9.475,6.0375,,3.8175,0.8575,,,,32.155,41.4,2.7975,178.485,86.53,850.0,161.5,Moderate,Surat
,181.425,1.3975,9.515,6.195,,3.815,0.895,,,,31.1225,43.1775,1.49,160.955,28.0325,850.0,154.7,Moderate,Surat
,171.225,1.2875,9.3725,6.035,,3.8,1.0225,,,,29.98,48.63,1.5825,117.09,0.1975,850.0,148.0,Moderate,Surat
,161.025,1.2475,9.2675,5.9475,,3.7325,1.08,,,,29.0325,51.2525,1.92,128.3825,0.0,850.0,141.3,Moderate,Surat
125.0,150.825,1.275,9.3325,6.0,,3.6925,1.1275,,,,28.575,49.7825,1.9525,134.285,0.0,850.0,304.8,Very Poor,Surat
119.25,149.415,1.2275,9.3925,5.995,,3.6775,1.13,,,,27.975,51.4825,2.0,122.3175,0.0,850.0,297.5,Poor,Surat
105.0,158.45,1.3475,9.345,6.0675,,3.845,1.1475,,,,27.39,52.78,1.7725,121.5125,0.0,850.0,250.5,Poor,Surat
114.0,167.35,1.23,9.4175,6.0125,,3.9,1.145,,,,27.205,49.615,1.795,132.065,0.0,850.0,280.2,Poor,Surat
114.0,180.5175,1.2925,9.2825,5.9875,,3.9,1.075,,,,26.68,49.47,1.6475,139.8125,0.0,850.0,280.2,Poor,Surat
114.03571,177.1325,1.2575,9.3825,6.01,,3.9,1.03,,,,26.1225,50.24,1.2875,133.2975,0.0,850.0,280.3,Poor,Surat
114.5,163.5325,1.3425,9.3975,6.09,,3.905,0.9975,,,,25.03,53.5025,1.26,172.81,0.0,850.0,281.8,Poor,Surat
115.07143,131.75,1.2625,9.3975,6.0275,,3.9175,0.95,,,,24.3675,57.0925,1.255,175.025,0.0,850.0,283.7,Poor,Surat
115.64286,112.1425,1.3525,9.375,6.09,,3.845,0.92,,,,24.6425,56.6925,0.8125,147.245,0.0,850.0,285.6,Poor,Surat
116.21429,119.2,1.2625,9.33,5.99,,3.71,0.9175,,,,24.335,58.805,1.205,193.45,0.0,850.0,287.5,Poor,Surat
116.78571,123.275,1.32,9.3225,6.0325,,3.7325,0.9325,,,,23.9975,61.9875,1.8425,183.6275,0.0,850.0,289.4,Poor,Surat
117.28571,200.2825,1.3525,9.25,6.0225,,3.875,1.0175,,,,23.7625,66.195,2.615,198.3125,26.5075,850.0,291.0,Poor,Surat
,286.5,1.4,9.2225,6.0425,,4.1125,1.14,,,,25.165,63.285,2.9025,192.3825,139.0825,850.0,237.1,Poor,Surat
,221.69,1.2775,9.36,6.0225,,4.0475,1.175,,,,27.385,56.025,3.355,196.78,276.305,850.0,181.3,Moderate,Surat
,271.0,1.375,9.375,6.1075,,4.1475,1.155,,,,28.8825,54.6875,2.8225,185.5625,366.055,850.0,221.8,Poor,Surat
,246.35,1.35,9.29,6.04,,4.1,1.125,,,,30.4725,51.9375,3.0075,186.9575,425.845,850.0,197.6,Moderate,Surat
,175.7675,1.335,9.3775,6.0725,,4.0,1.0425,,,,31.36,47.8525,3.3675,197.21,438.1475,850.0,151.0,Moderate,Surat
,198.0,1.33,9.435,6.0975,,3.92,0.9775,,,,31.965,45.2675,2.9125,171.105,381.31,850.0,165.7,Moderate,Surat
,198.0,1.1725,9.445,5.975,,3.8725,0.925,,,,32.225,43.955,2.345,180.58,291.08,850.0,165.7,Moderate,Surat
,198.0,1.305,9.35,6.0325,,3.825,0.895,,,,32.075,43.125,2.3425,181.935,175.5275,850.0,165.7,Moderate,Surat
,191.625,1.21,9.4975,6.0375,,3.74,0.88,,,,31.3925,44.89,2.335,174.79,82.215,850.0,161.5,Moderate,Surat
,181.425,1.3225,9.42,6.0875,,3.6225,0.895,,,,30.29,46.505,1.97,176.5925,27.29,850.0,154.7,Moderate,Surat
,171.225,1.2875,9.4475,6.07,,3.71,1.0225,,,,29.23,48.24,1.0275,117.4,0.1475,850.0,148.0,Moderate,Surat
,161.025,1.38,9.4525,6.1475,,3.715,1.2525,,,,28.655,50.6825,1.1575,118.6875,0.0,850.0,141.3,Moderate,Surat
125.0,150.825,1.41,9.4375,6.165,,3.7175,1.295,,,,28.1425,51.6275,1.5175,138.4575,0.0,850.0,304.8,Very Poor,Surat
119.4425,149.3325,1.3425,9.385,6.0825,,3.8625,1.31,,,,27.675,52.875,1.2725,124.6275,0.0,850.0,298.2,Poor,Surat
105.0,158.4475,1.17,9.4375,5.9675,,3.9,1.31,,,,27.345,52.02,1.4225,128.2275,0.0,850.0,250.5,Poor,Surat
114.0,167.345,1.285,9.47,6.08,,3.9,1.3075,,,,26.6325,53.71,1.24,126.0375,0.0,850.0,280.2,Poor,Surat
114.0,180.5175,1.325,9.2425,5.9925,,3.9,1.2625,,,,26.3475,52.9625,1.6025,156.5525,0.0,850.0,280.2,Poor,Surat
114.03571,177.0675,1.4,9.35,6.1125,,3.9,1.195,,,,25.5575,55.9525,1.365,185.3675,0.0,850.0,280.3,Poor,Surat
114.5,163.2675,1.235,9.32,5.9625,,3.9,1.115,,,,24.7975,57.92,1.4,200.65,0.0,850.0,281.8,Poor,Surat
115.07143,131.75,1.2775,9.2775,5.9775,,3.7925,1.065,,,,24.5175,59.4825,1.7175,196.96,0.0,850.0,283.7,Poor,Surat
115.64286,112.0325,1.3125,9.47,6.1025,,3.73,1.025,,,,24.06,61.9275,1.9475,192.985,0.0,850.0,285.6,Poor,Surat
116.21429,119.1,1.4125,9.2975,6.095,,3.7575,0.98,,,,23.7525,63.5925,2.1225,192.1675,0.0,850.0,287.5,Poor,Surat
116.78571,123.2925,1.47,9.3175,6.1525,,3.7875,0.97,,,,23.48,64.2725,2.125,202.07,0.0,850.0,289.4,Poor,Surat
117.28571,200.2825,1.3025,9.34,6.0275,,4.0675,1.0675,,,,23.7325,64.575,2.675,193.8575,34.785,850.0,291.0,Poor,Surat
,285.625,1.45,9.3025,6.13,,4.4375,1.175,,,,24.97,62.79,3.0525,189.4525,165.8325,850.0,236.3,Poor,Surat
,221.7075,1.2425,9.4375,6.0275,,4.2525,1.225,,,,26.3425,60.14,3.195,187.4275,296.9475,850.0,181.3,Moderate,Surat
,271.0,1.335,9.2975,6.0325,,4.29,1.305,,,,28.35,55.0225,3.205,197.865,382.0075,850.0,221.8,Poor,Surat
,246.35,1.2775,9.3775,6.025,,4.0425,1.1725,,,,29.9325,51.5525,2.87,199.5475,442.385,850.0,197.6,Moderate,Surat
,176.0075,1.3925,9.3275,6.0925,,3.9925,1.1125,,,,32.1275,47.4975,1.6775,189.075,435.4275,850.0,151.2,Moderate,Surat
,198.0,1.2925,9.3625,6.0325,,3.9175,1.0975,,,,34.52,41.7,0.845,187.955,390.4225,850.0,165.7,Moderate,Surat
,198.0,1.3825,9.385,6.1125,,3.935,1.0925,,,,35.9375,38.76,0.85,127.1325,289.4275,850.0,165.7,Moderate,Surat
,198.0,1.3375,9.3475,6.0575,,3.7025,1.1175,,,,35.085,43.615,0.9175,131.32,169.755,850.0,165.7,Moderate,Surat
,191.625,1.4,9.3175,6.0925,,3.66,1.155,,,,32.64,50.7325,0.9975,133.815,78.975,850.0,161.5,Moderate,Surat
,181.425,1.205,9.3575,5.9575,,3.7,1.205,,,,30.675,55.3875,0.8675,142.28,25.985,850.0,154.7,Moderate,Surat
,171.225,1.2775,9.3825,6.0275,,3.6825,1.255,,,,28.755,60.7575,1.1325,72.265,0.1275,850.0,148.0,Moderate,Surat
,161.025,1.33,9.3075,6.035,,3.7075,1.315,,,,28.3325,59.1875,1.1575,53.2125,0.0,850.0,141.3,Moderate,Surat
125.0,150.825,1.31,9.3575,6.0425,,3.9,1.3775,,,,27.615,63.6675,0.8775,83.9375,0.0,850.0,304.8,Very Poor,Surat
119.4425,149.3325,1.275,9.39,6.0325,,3.9,1.435,,,,26.9,65.055,0.6075,86.1375,0.0,850.0,298.2,Poor,Surat
105.0,158.45,1.29,9.455,6.08,,3.9,1.4925,,,,26.7875,63.275,1.1225,112.4675,0.0,850.0,250.5,Poor,Surat
114.0,167.2,1.35,9.335,6.0625,,3.9,1.4675,,,,26.38,62.535,0.98,147.565,0.0,850.0,280.2,Poor,Surat
114.0,180.5175,1.4525,9.3425,6.1525,,3.9,1.42,,,,26.02,62.075,0.75,151.7075,0.0,850.0,280.2,Poor,Surat
114.0,177.0675,1.325,9.33,6.0375,,3.8725,1.375,,,,25.455,63.025,0.47,148.885,0.0,850.0,280.2,Poor,Surat
114.36184,163.5325,1.285,9.2725,5.98,,3.7,1.305,,,,25.2825,63.9,0.99,100.8375,0.0,850.0,281.4,Poor,Surat
114.94079,131.7575,1.125,9.455,5.945,,3.67,1.2675,,,,24.53,66.17,0.67,138.35,0.0,850.0,283.3,Poor,Surat
115.51974,112.1375,1.2475,9.2625,5.9425,,3.63,1.225,,,,23.9425,67.1325,0.7775,197.6275,0.0,850.0,285.2,Poor,Surat
116.09869,119.1,1.31,9.31,6.0125,,3.675,1.185,,,,23.48,67.73,1.0675,178.71,0.0,850.0,287.1,Poor,Surat
116.677635,123.2925,1.2975,9.365,6.035,,3.68,1.155,,,,23.15,68.1925,1.0875,179.04,0.0,850.0,289.0,Poor,Surat
117.25658,200.2825,1.3425,9.3725,6.0775,,3.8625,1.18,,,,23.3175,70.4625,1.15,184.375,39.6125,850.0,290.9,Poor,Surat
,285.625,1.3325,9.5775,6.1775,,4.1475,1.2425,,,,25.1375,67.655,1.655,191.51,171.235,850.0,236.3,Poor,Surat
,221.1675,1.1725,9.54,6.0275,,4.03,1.3225,,,,27.1175,62.27,1.9175,184.5525,299.0225,850.0,181.0,Moderate,Surat
,271.0,1.235,9.4625,6.035,,4.095,1.4225,,,,29.3225,57.0975,1.7125,167.495,376.42,850.0,221.8,Poor,Surat
,246.35,1.33,9.3525,6.055,,4.03,1.5075,,,,31.5425,51.7725,1.395,160.69,420.115,850.0,197.6,Moderate,Surat
,176.0075,1.195,9.395,5.9675,,4.025,1.495,,,,33.6925,45.76,0.9725,148.3925,420.805,850.0,151.2,Moderate,Surat
,198.0,1.315,9.3975,6.07,,3.8575,1.3925,,,,34.7675,41.565,1.1125,109.5775,388.7425,850.0,165.7,Moderate,Surat
,198.0,1.31,9.38,6.055,,3.61,1.27,,,,36.0325,37.7975,0.9625,155.6225,300.505,850.0,165.7,Moderate,Surat
,198.0,1.2025,9.245,5.895,,3.6,1.1375,,,,35.455,37.88,0.795,152.17,171.74,850.0,165.7,Moderate,Surat
,191.625,1.3875,9.3025,6.075,,3.5525,1.0975,,,,33.7825,41.2025,1.0,95.135,73.5125,850.0,161.5,Moderate,Surat
,181.425,1.38,9.58,6.22,,3.6475,1.11,,,,31.82,47.74,1.35,74.295,27.16,850.0,154.7,Moderate,Surat
,171.225,1.3525,9.5575,6.185,,3.7325,1.175,,,,29.4825,52.605,1.345,63.335,0.2775,850.0,148.0,Moderate,Surat
,161.025,1.34,9.4,6.0925,,3.905,1.2975,,,,28.465,52.0075,0.91,53.2275,0.0,850.0,141.3,Moderate,Surat
125.0,150.825,1.4225,9.4025,6.1575,,3.9,1.3725,,,,27.815,51.35,0.895,90.605,0.0,850.0,304.8,Very Poor,Surat
119.25,149.4175,1.2975,9.37,6.04,,3.9,1.34,,,,27.4175,53.995,0.8775,123.7425,0.0,850.0,297.5,Poor,Surat
105.0,158.45,1.24,9.4875,6.055,,3.9,1.37,,,,26.655,57.6825,0.7375,111.5525,0.0,850.0,250.5,Poor,Surat
114.0,167.35,1.305,9.4025,6.0625,,3.9025,1.4525,,,,25.8225,60.9,0.4575,171.37,0.0,850.0,280.2,Poor,Surat
114.0,180.5325,1.3125,9.3575,6.045,,3.87,1.4175,,,,25.9725,60.4025,0.8275,107.625,0.0,850.0,280.2,Poor,Surat
114.03571,177.0675,1.095,9.525,5.9575,,3.7,1.35,,,,25.44,61.9525,0.805,87.1025,0.0,850.0,280.3,Poor,Surat
114.5,163.2675,1.3,9.4,6.0575,,3.7,1.2925,,,,24.625,64.925,0.8925,97.895,0.0,850.0,281.8,Poor,Surat
115.07143,131.7575,1.1975,9.49,6.02,,3.6875,1.2725,,,,23.525,69.4975,0.6825,109.4375,0.0,850.0,283.7,Poor,Surat
115.64286,112.1425,1.3725,9.46,6.1475,,3.6925,1.265,,,,23.055,70.5725,0.575,148.7025,0.0,850.0,285.6,Poor,Surat
116.21429,119.1,1.33,9.34,6.045,,3.7075,1.2775,,,,23.8325,66.125,1.13,117.0075,0.0,850.0,287.5,Poor,Surat
116.78571,123.2925,1.33,9.3375,6.0475,,3.91,1.2725,,,,23.6325,65.8375,0.7225,127.8225,0.0,850.0,289.4,Poor,Surat
117.28571,200.2825,1.365,9.44,6.13,,3.99,1.3075,,,,23.1525,68.4575,0.8675,202.49,33.4775,850.0,291.0,Poor,Surat
,285.625,1.2525,9.37,6.0,,4.1625,1.3425,,,,25.2375,64.1725,1.43,186.805,169.8,850.0,236.3,Poor,Surat
,221.7075,1.025,9.505,5.8875,,4.0125,1.365,,,,27.45,57.8675,1.9425,189.2275,293.1,850.0,181.3,Moderate,Surat
,271.0,1.285,9.39,6.04,,4.0775,1.435,,,,29.63,55.2075,1.46,168.83,368.3925,850.0,221.8,Poor,Surat
,246.35,1.125,9.445,5.9325,,3.995,1.37,,,,31.4525,49.735,1.8975,182.625,439.46,850.0,197.6,Moderate,Surat
,175.7675,1.4,9.355,6.1175,,3.9,1.1925,,,,32.9825,43.6775,1.4975,168.87,432.1975,850.0,151.0,Moderate,Surat
,198.0,1.195,9.3525,5.9475,,3.7625,1.11,,,,34.1975,40.115,1.055,177.655,378.1125,850.0,165.7,Moderate,Surat
,198.0,1.28,9.3175,5.995,,3.7,1.075,,,,35.8475,37.44,0.95,139.3975,290.485,850.0,165.7,Moderate,Surat
,198.0,1.29,9.3825,6.0425,,3.655,1.035,,,,34.945,37.2975,0.9175,106.925,175.5925,850.0,165.7,Moderate,Surat
,191.625,1.365,9.415,6.1175,,3.6,1.0175,,,,33.46,41.8825,1.3675,74.1225,76.155,850.0,161.5,Moderate,Surat
,181.425,1.3275,9.415,6.0825,,3.7625,1.0475,,,,31.1775,48.7075,1.695,54.775,25.9875,850.0,154.7,Moderate,Surat
,171.225,1.165,9.38,5.935,,3.9025,1.15,,,,29.1775,56.2025,1.5,58.5125,0.1475,850.0,148.0,Moderate,Surat
,161.025,1.165,9.375,5.9325,,3.9025,1.22,,,,28.2825,55.495,1.24,65.35,0.0,850.0,141.3,Moderate,Surat
125.0,150.825,1.325,9.3425,6.0475,,3.9,1.2625,,,,27.8425,55.945,1.1025,81.69,0.0,850.0,304.8,Very Poor,Surat
119.4425,149.3325,1.39,9.36,6.1075,,3.9,1.2675,,,,27.1525,58.65,0.9925,82.9475,0.0,850.0,298.2,Poor,Surat
105.0,158.4475,1.3525,9.36,6.0775,,3.895,1.2475,,,,26.6125,58.1925,0.9625,96.0875,0.0,850.0,250.5,Poor,Surat
114.0,167.2,1.3325,9.4275,6.1,,3.7875,1.2125,,,,26.5125,56.1075,1.025,91.8075,0.0,850.0,280.2,Poor,Surat
114.0,180.5175,1.455,9.3675,6.1625,,3.695,1.2175,,,,25.5725,58.8675,0.58,114.4825,0.0,850.0,280.2,Poor,Surat
114.0,177.07,1.315,9.4725,6.1075,,3.6725,1.225,,,,25.1775,60.3575,0.9675,93.25,0.0,850.0,280.2,Poor,Surat
114.36184,163.5325,1.3125,9.46,6.095,,3.7,1.2125,,,,24.665,61.3525,0.8,97.635,0.0,850.0,281.4,Poor,Surat
114.94079,132.0,1.3575,9.3425,6.075,,3.7,1.26,,,,24.2325,62.68,0.895,155.2725,0.0,850.0,283.3,Poor,Surat
115.51974,112.1425,1.2925,9.49,6.0975,,3.7575,1.2075,,,,23.51,64.0725,1.09,182.71,0.0,850.0,285.2,Poor,Surat
116.09869,119.1025,1.435,9.3875,6.1575,,3.915,1.175,,,,22.7275,66.85,0.7475,170.9125,0.0,850.0,287.1,Poor,Surat
116.677635,123.275,1.255,9.375,6.0125,,3.9175,1.1375,,,,22.9675,64.4375,0.7825,144.3275,0.0,850.0,289.0,Poor,Surat
117.25658,200.2825,1.25,9.43,6.0325,,3.97,1.1675,,,,22.8075,64.885,1.275,192.6225,38.645,850.0,290.9,Poor,Surat
,285.625,1.2675,9.325,5.9875,,4.18,1.2325,,,,24.5575,64.485,1.7475,188.9675,173.725,850.0,236.3,Poor,Surat
,221.7075,1.2125,9.2375,5.9,,4.0075,1.2,,,,27.31,52.32,2.9275,181.46,330.8,850.0,181.3,Moderate,Surat
,271.0,1.2475,9.435,6.0325,,4.0325,1.135,,,,29.16,44.44,3.1,187.225,407.245,850.0,221.8,Poor,Surat
,247.145,1.235,9.41,6.01,,3.8375,1.0375,,,,30.535,39.47,3.07,182.4,464.2975,850.0,198.1,Moderate,Surat
,175.7675,1.24,9.27,5.9375,,3.7275,0.9525,,,,31.725,36.925,2.89,160.2675,461.9175,850.0,151.0,Moderate,Surat
,198.0,1.37,9.2375,6.0275,,3.7025,0.8875,,,,32.465,35.045,3.2025,169.1475,426.2925,850.0,165.7,Moderate,Surat
,198.0,1.35,9.5625,6.1825,,3.6775,0.825,,,,33.1525,31.2225,2.7325,151.3425,317.3875,850.0,165.7,Moderate,Surat
,198.0,1.26,9.425,6.04,,3.615,0.7825,,,,33.2175,29.415,2.6475,134.1275,180.6425,850.0,165.7,Moderate,Surat
,191.625,1.22,9.3675,5.9775,,3.7,0.78,,,,32.405,28.8625,2.2825,119.235,63.2525,850.0,161.5,Moderate,Surat
,181.425,1.1925,9.3175,5.92,,3.7425,0.795,,,,31.1625,30.41,1.9075,111.075,25.4925,850.0,154.7,Moderate,Surat
,171.225,1.165,9.3775,5.9375,,3.825,0.8725,,,,29.135,33.8175,1.5925,128.5825,0.2725,850.0,148.0,Moderate,Surat
,161.025,1.2975,9.3425,6.025,,3.8625,1.005,,,,28.3475,35.54,1.4925,114.835,0.0,850.0,141.3,Moderate,Surat
125.0,150.825,1.2325,9.29,5.9425,,3.8975,1.13,,,,27.63,37.79,1.1925,105.4675,0.0,850.0,304.8,Very Poor,Surat
119.25,149.4175,1.2425,9.35,5.985,,3.9475,1.155,,,,26.83,41.9775,1.2125,100.4725,0.0,850.0,297.5,Poor,Surat
105.0,158.45,1.2425,9.4125,6.0175,,3.835,1.165,,,,26.1275,46.12,1.0225,96.07,0.0,850.0,250.5,Poor,Surat
114.0,167.35,1.3375,9.515,6.1525,,3.82,1.185,,,,25.45,48.0025,1.12,125.2975,0.0,850.0,280.2,Poor,Surat
114.0,180.5175,1.1775,9.3925,5.955,,3.8725,1.1825,,,,24.795,49.9175,1.0625,129.385,0.0,850.0,280.2,Poor,Surat
114.03571,177.0675,1.235,9.35,5.98,,3.8175,1.1625,,,,23.2375,53.6075,0.9175,201.6175,0.0,850.0,280.3,Poor,Surat
114.5,163.2675,1.305,9.4175,6.0725,,3.8,1.095,,,,22.7975,50.6,0.545,202.2625,0.0,850.0,281.8,Poor,Surat
115.07143,131.75,1.4075,9.3575,6.1175,,3.895,1.075,,,,22.6,48.3375,0.4575,206.17,0.0,850.0,283.7,Poor,Surat
115.64286,112.1375,1.19,9.4225,5.975,,4.0,1.045,,,,22.0075,49.9875,0.655,216.625,0.0,850.0,285.6,Poor,Surat
116.21429,119.2,1.2775,9.4475,6.065,,4.0,1.025,,,,21.5625,52.2425,0.745,211.5025,0.0,850.0,287.5,Poor,Surat
116.78571,123.2925,1.2425,9.2975,5.9575,,4.0675,1.0425,,,,21.085,55.2175,0.875,217.8725,0.0,850.0,289.4,Poor,Surat
117.28571,200.2825,1.3875,9.39,6.1225,,4.125,1.1025,,,,21.0025,58.6125,0.5975,169.8725,47.0825,850.0,291.0,Poor,Surat
,285.625,1.365,9.3425,6.08,,4.6,1.23,,,,23.63,62.9825,1.44,186.595,190.1525,850.0,236.3,Poor,Surat
,221.1675,1.4925,9.2575,6.14,,4.645,1.2325,,,,26.1225,52.155,2.8125,190.05,319.435,850.0,181.0,Moderate,Surat
,271.0,1.3975,9.465,6.17,,4.4975,1.1325,,,,27.3875,49.26,2.9375,185.27,389.145,850.0,221.8,Poor,Surat
,247.2,1.235,9.445,6.0275,,4.3425,1.0575,,,,28.755,45.4175,3.5875,187.165,444.4325,850.0,198.2,Moderate,Surat
,176.0075,1.3175,9.365,6.05,,4.0275,0.93,,,,30.3025,37.825,3.605,180.34,452.455,850.0,151.2,Moderate,Surat
,198.0,1.2225,9.2575,5.9175,,3.875,0.8125,,,,30.97,32.235,3.365,182.39,416.3075,850.0,165.7,Moderate,Surat
,198.0,1.345,9.37,6.0775,,3.7825,0.7725,,,,31.56,32.725,2.5675,184.8175,312.93,850.0,165.7,Moderate,Surat
,198.0,1.1775,9.425,5.9675,,3.7575,0.7575,,,,31.22,32.355,2.65,179.44,178.3375,850.0,165.7,Moderate,Surat
,191.625,1.2225,9.48,6.0375,,3.78,0.745,,,,30.51,33.7775,2.0675,181.735,64.3725,850.0,161.5,Moderate,Surat
,181.425,1.275,9.4125,6.045,,3.8575,0.7625,,,,29.09,35.8825,2.0575,190.37,24.1825,850.0,154.7,Moderate,Surat
,171.225,1.25,9.325,5.98,,3.9575,0.9,,,,27.5975,37.675,1.1925,147.46,0.1425,850.0,148.0,Moderate,Surat
,161.025,1.3125,9.27,5.995,,3.9325,1.04,,,,27.2,40.3025,1.655,140.5025,0.0,850.0,141.3,Moderate,Surat
125.0,150.825,1.245,9.405,6.0125,,4.0125,1.1125,,,,26.7,40.77,1.6025,132.565,0.0,850.0,304.8,Very Poor,Surat
119.4425,149.3325,1.36,9.4525,6.13,,3.8325,0.9875,,,,25.995,41.4775,1.2175,139.1525,0.0,850.0,298.2,Poor,Surat
105.0,158.45,1.1825,9.4425,5.98,,3.8,1.0825,,,,25.32,42.71,1.2725,139.425,0.0,850.0,250.5,Poor,Surat
114.0,167.35,1.2425,9.3725,5.995,,3.8,1.1325,,,,24.0375,46.44,0.77,128.0525,0.0,850.0,280.2,Poor,Surat
114.0,180.5175,1.2125,9.4025,5.9875,,3.8,1.1325,,,,22.655,49.895,0.58,219.855,0.0,850.0,280.2,Poor,Surat
113.741806,177.1325,1.2075,9.4575,6.0125,,3.8,1.115,,,,22.34,51.1525,0.7125,150.1425,0.0,850.0,279.3,Poor,Surat
110.38525,163.5325,1.27,9.4225,6.045,,3.92,1.0725,,,,22.4125,51.225,1.22,177.02,0.0,850.0,268.3,Poor,Surat
106.2541,131.75,1.305,9.4125,6.07,,4.04,1.015,,,,21.6575,54.4225,1.6025,188.9875,0.0,850.0,254.6,Poor,Surat
102.12295,112.1425,1.2625,9.34,5.995,,4.1325,0.9825,,,,21.2725,54.775,1.39,188.885,0.0,850.0,241.0,Poor,Surat
97.991806,119.2,1.295,9.355,6.03,,4.105,0.9425,,,,20.7875,53.4775,1.3875,189.7875,0.0,850.0,227.4,Poor,Surat
93.86066,122.8325,1.31,9.5375,6.135,,4.1675,0.9375,,,,20.7375,54.115,1.8475,194.4,0.0,850.0,213.7,Poor,Surat
90.2459,199.0675,1.21,9.46,6.0125,,4.2375,0.9775,,,,21.105,53.0525,1.4775,205.4275,48.87,850.0,201.8,Poor,Surat
,285.625,1.3575,9.395,6.1025,,4.3,1.02,,,,23.1975,47.455,2.35,196.0225,200.765,850.0,236.3,Poor,Surat
,221.1675,1.2975,9.36,6.03,,3.9675,1.0225,,,,25.1025,44.3425,3.6425,187.0275,316.96,850.0,181.0,Moderate,Surat
,271.0,1.4025,9.3525,6.115,,3.94,0.9725,,,,26.35,43.915,4.5975,191.5675,393.4375,850.0,221.8,Poor,Surat
,246.35,1.3075,9.4725,6.1025,,3.9425,0.9175,,,,28.02,42.2925,4.3375,198.48,451.72,850.0,197.6,Moderate,Surat
,176.0075,1.275,9.3825,6.0275,,3.8775,0.8475,,,,29.64,37.6375,3.6775,193.2075,461.2775,850.0,151.2,Moderate,Surat
,198.0,1.2425,9.45,6.0375,,3.755,0.8125,,,,30.9075,34.255,2.6425,164.25,408.8625,850.0,165.7,Moderate,Surat
,198.0,1.2,9.45,5.9975,,3.78,0.79,,,,31.355,32.005,2.6125,162.68,311.525,850.0,165.7,Moderate,Surat
,198.0,1.25,9.465,6.0525,,3.8225,0.7075,,,,31.215,31.4075,2.7425,167.06,166.485,850.0,165.7,Moderate,Surat
51.0,162.6875,1.2825,9.355,6.0175,,3.765,0.56,,,,30.515,32.2325,2.4075,168.95,58.33,850.0,142.4,Moderate,Surat
48.1,106.1875,1.3175,9.5075,6.13,,3.83,0.6275,,,,29.04,34.97,2.255,189.4975,23.69,850.0,105.1,Moderate,Surat
45.5,93.9425,1.2625,9.5275,6.0925,,4.1125,0.86,,,,27.2425,37.52,1.2025,163.4075,0.1825,850.0,94.1,Satisfactory,Surat
68.0,127.07,1.245,9.4025,6.015,,3.9875,1.0475,,,,26.7925,39.81,1.355,117.36,0.0,850.0,127.4,Moderate,Surat
71.5,138.8925,1.3,9.41,6.0625,,3.81,1.105,,,,26.1825,41.1475,1.4225,138.26,0.0,850.0,139.0,Moderate,Surat
56.9325,121.3325,1.3375,9.4225,6.095,,3.77,1.1725,,,,25.5975,43.3725,1.28,104.5375,0.0,850.0,115.1,Moderate,Surat
65.75,111.3175,1.3625,9.4875,6.1525,,3.7375,1.245,,,,24.71,46.515,1.2,105.105,0.0,850.0,120.0,Moderate,Surat
81.75,134.7575,1.265,9.47,6.0625,,3.78,1.3275,,,,23.47,50.4975,0.6225,125.765,0.0,850.0,172.8,Moderate,Surat
105.0,160.8325,1.2875,9.32,6.005,,3.8125,1.365,,,,22.25,54.6375,0.455,149.18,0.0,850.0,250.5,Poor,Surat
105.75,170.2,1.2325,9.565,6.09,,4.035,1.335,,,,22.045,53.29,0.5775,156.99,0.0,850.0,253.0,Poor,Surat
98.75,142.8175,1.2025,9.485,6.0225,,4.025,1.2575,,,,22.1625,51.11,0.67,194.9125,0.0,850.0,229.9,Poor,Surat
71.0,112.55,1.3225,9.3225,6.0375,,4.065,1.17,,,,21.4525,49.9575,0.68,182.4275,0.0,850.0,137.3,Moderate,Surat
69.25,106.0675,1.375,9.2425,6.035,,4.095,1.1075,,,,20.8825,52.015,0.635,213.35,0.0,850.0,131.5,Moderate,Surat
64.5,100.9675,1.315,9.305,6.0175,,4.3075,1.055,,,,21.0625,54.12,1.3875,216.5975,0.0,850.0,115.8,Moderate,Surat
96.25,149.9175,1.315,9.4075,6.075,,4.9075,1.2725,,,,20.1375,61.3875,0.91,231.675,0.0,850.0,221.6,Poor,Surat
183.5,294.4825,1.405,9.3425,6.1125,,4.755,1.445,,,,20.0975,64.975,0.7425,211.4,39.475,850.0,349.4,Very Poor,Surat
181.2175,299.2675,1.18,9.37,5.9425,,5.345,1.55,,,,22.43,56.305,1.155,193.2325,183.975,850.0,347.6,Very Poor,Surat
205.0675,310.9325,1.2025,9.5175,6.04,,5.435,1.6975,,,,25.19,47.28,1.7775,194.1725,296.2625,850.0,365.8,Very Poor,Surat
196.0,305.0575,1.2775,9.4575,6.07,,5.0625,1.58,,,,27.175,42.545,1.9675,183.8,378.055,850.0,358.9,Very Poor,Surat
165.4925,248.3,1.26,9.49,6.075,,4.42,1.35,,,,29.085,39.9125,2.2075,174.415,435.3325,850.0,335.6,Very Poor,Surat
94.6175,143.9675,1.215,9.4825,6.03,,3.9625,1.1875,,,,29.8275,37.1225,2.475,155.0075,430.1975,850.0,216.2,Poor,Surat
76.75,106.8925,1.2225,9.47,6.03,,3.9575,1.0,,,,30.055,37.265,3.165,167.84,392.305,850.0,156.3,Moderate,Surat
52.25,88.93,1.13,9.315,5.8775,,3.9,0.88,,,,30.6125,35.375,3.575,171.9225,305.26,850.0,89.2,Satisfactory,Surat
44.5,74.2075,1.1475,9.37,5.915,,3.8725,0.825,,,,31.0925,35.4,2.405,133.445,168.81,850.0,74.7,Satisfactory,Surat
44.75,78.9675,1.235,9.3825,5.995,,3.81,0.82,,,,30.65,35.665,2.085,130.6675,62.235,850.0,79.4,Satisfactory,Surat
44.625,84.5675,1.2575,9.4125,6.0325,,3.8475,0.8475,,,,29.1725,39.08,1.7375,111.85,24.42,850.0,84.9,Satisfactory,Surat
55.7575,96.7325,1.3925,9.285,6.07,,3.9625,0.905,,,,27.255,43.24,1.3375,121.7675,0.16,850.0,96.8,Satisfactory,Surat
57.175,112.0325,1.4175,9.2475,6.07,,3.9325,1.02,,,,26.2925,45.4175,1.4275,130.7075,0.0,850.0,108.9,Moderate,Surat
71.0075,131.8,1.3175,9.36,6.05,,3.96,1.1775,,,,25.725,46.8475,1.275,133.3825,0.0,850.0,137.3,Moderate,Surat
97.5,168.35,1.1175,9.4,5.9075,,4.015,1.2625,,,,25.04,48.705,0.9075,150.1,0.0,850.0,225.8,Poor,Surat
100.5,182.0,1.155,9.3275,5.9,,3.9325,1.3025,,,,24.5125,50.255,0.6525,146.1525,0.0,850.0,235.6,Poor,Surat
77.25,182.0,1.2725,9.3825,6.025,,3.9425,1.4475,,,,23.8,52.6925,0.6175,112.96,0.0,850.0,157.9,Moderate,Surat
105.5,182.0,1.315,9.525,6.1375,,4.105,1.5,,,,22.5575,55.48,0.3675,134.6825,0.0,850.0,252.2,Poor,Surat
114.5,181.4375,1.14,9.5275,5.995,,4.1025,1.49,,,,21.9375,58.33,0.4275,68.515,0.0,850.0,281.8,Poor,Surat
107.25,180.5375,1.16,9.465,5.975,,4.135,1.44,,,,21.1225,60.755,0.3725,218.0875,0.0,850.0,257.9,Poor,Surat
97.25,179.6375,1.27,9.3375,6.0,,4.1325,1.3725,,,,21.3225,57.3375,0.635,185.41,0.0,850.0,224.9,Poor,Surat
90.5,178.7375,1.2825,9.2325,5.9525,,4.1425,1.295,,,,20.24,58.315,0.37,209.2225,0.0,850.0,202.6,Poor,Surat
85.5175,177.8375,1.2775,9.3875,6.0325,,4.1275,1.2175,,,,19.635,60.3625,0.45,238.4525,0.0,850.0,185.2,Moderate,Surat
91.25,176.9375,1.255,9.4025,6.02,,4.1025,1.1875,,,,19.4225,62.41,0.43,215.535,0.0,850.0,205.1,Poor,Surat
111.3425,,1.235,9.3625,5.985,,4.0925,1.19,,,,19.82,62.5225,0.5425,199.92,49.7425,850.0,271.4,Poor,Surat
110.0,,1.2725,9.325,5.99,,4.1875,1.2625,,,,23.165,55.9175,0.9425,214.9475,197.12,850.0,267.0,Poor,Surat
133.25,,1.3575,9.3325,6.065,,4.07,1.29,,,,24.67,49.715,2.6775,198.9475,303.69,850.0,311.1,Very Poor,Surat
144.8325,,1.47,9.3675,6.1825,,4.4825,1.25,,,,26.0725,46.575,3.345,185.665,379.215,850.0,319.9,Very Poor,Surat
148.0,,1.3925,9.365,6.115,,4.185,1.13,,,,27.905,42.4225,3.4475,183.515,440.28,850.0,322.3,Very Poor,Surat
103.75,,1.355,9.205,6.0,,4.0,1.0025,,,,28.8275,40.5425,3.615,189.4975,446.3275,850.0,246.4,Poor,Surat
79.0,,1.1225,9.43,5.93,,4.0,0.935,,,,30.025,37.605,2.51,166.61,399.7475,850.0,163.7,Moderate,Surat
79.0,,1.445,9.26,6.1,,3.9575,0.905,,,,30.69,35.2125,2.3475,156.485,298.4625,850.0,163.7,Moderate,Surat
79.166664,,1.39,9.24,6.045,,3.9,0.89,,,,31.5025,33.0075,1.7025,130.855,171.795,850.0,164.2,Moderate,Surat
81.333336,,1.4825,9.235,6.1175,,3.8925,0.89,,,,30.58,35.7475,1.4125,149.75,63.9675,850.0,171.4,Moderate,Surat
84.0,,1.3425,9.355,6.0675,,3.865,0.9275,,,,29.0025,38.0375,1.0075,158.685,24.03,850.0,180.2,Moderate,Surat
86.666664,,1.285,9.38,6.0325,,3.8175,1.0225,,,,27.485,42.01,1.48,114.3625,0.115,850.0,189.0,Moderate,Surat
89.333336,,1.4125,9.3875,6.1375,,3.8275,1.1325,,,,26.415,46.2575,1.305,119.0425,0.0,850.0,197.8,Moderate,Surat
92.0,164.0,1.3325,9.2925,6.025,,3.895,1.265,,,,25.605,48.3375,0.9925,117.16,0.0,850.0,207.6,Poor,Surat
97.5,168.35,1.31,9.3925,6.0575,,3.925,1.325,,,,25.085,50.135,0.9925,106.475,0.0,850.0,225.8,Poor,Surat
100.5,182.0,1.2675,9.4875,6.0775,,4.0475,1.3825,,,,24.3025,53.21,1.08,113.9975,0.0,850.0,235.6,Poor,Surat
77.25,182.0,1.2025,9.45,6.0025,,4.1625,1.395,,,,23.87,54.8575,0.9325,117.7225,0.0,850.0,157.9,Moderate,Surat
105.5,182.0,1.3025,9.505,6.115,,4.185,1.3625,,,,23.2475,55.2825,1.1725,143.105,0.0,850.0,252.2,Poor,Surat
114.5,181.4375,1.335,9.475,6.125,,4.275,1.31,,,,22.63,56.33,1.1825,140.7375,0.0,850.0,281.8,Poor,Surat
107.25,180.5375,1.395,9.4175,6.145,,4.275,1.2825,,,,21.8425,58.9325,0.755,128.59,0.0,850.0,257.9,Poor,Surat
97.3075,179.6375,1.22,9.435,6.01,,4.2575,1.2875,,,,21.1075,61.9475,0.7275,117.225,0.0,850.0,225.1,Poor,Surat
90.5,178.7375,1.1575,9.6025,6.0475,,4.1275,1.27,,,,19.9675,66.365,0.54,229.515,0.0,850.0,202.6,Poor,Surat
85.5,177.8375,1.245,9.5275,6.0775,,4.0025,1.2475,,,,19.6625,66.88,0.5325,225.875,0.0,850.0,185.2,Moderate,Surat
91.5,176.9375,1.2125,9.3625,5.965,,4.0825,1.2575,,,,19.4025,67.3025,0.5325,240.805,0.0,850.0,206.0,Poor,Surat
111.3425,,1.2225,9.35,5.9675,,4.09,1.2875,,,,19.7825,64.34,0.5525,226.0325,32.2225,850.0,271.4,Poor,Surat
110.0,,1.29,9.22,5.9525,,4.16,1.4075,,,,22.3175,61.0975,0.805,140.8025,162.205,850.0,267.0,Poor,Surat
133.175,,1.3975,9.24,6.05,,4.0525,1.5375,,,,25.0625,53.5275,1.3525,131.795,279.85,850.0,311.0,Very Poor,Surat
145.0,,1.3875,9.31,6.0775,,4.1875,1.54,,,,26.955,49.4125,1.89,158.96,370.945,850.0,320.0,Very Poor,Surat
148.0,,1.34,9.46,6.12,,4.09,1.445,,,,28.3375,46.25,2.75,162.2875,427.48,850.0,322.3,Very Poor,Surat
103.75,,1.2475,9.445,6.035,,4.02,1.2875,,,,29.57,43.165,3.035,167.49,434.63,850.0,246.4,Poor,Surat
79.0,,1.2125,9.375,5.9725,,4.0325,1.1425,,,,30.775,38.0225,2.605,155.025,383.7675,850.0,163.7,Moderate,Surat
79.0,,1.295,9.4175,6.06,,3.9575,1.035,,,,31.4,34.355,2.6625,167.9775,293.955,850.0,163.7,Moderate,Surat
79.0,,1.305,9.385,6.055,,3.9075,0.9675,,,,31.56,34.025,2.475,161.7875,177.8075,850.0,163.7,Moderate,Surat
80.75,,1.3525,9.4175,6.1075,,3.775,0.9425,,,,31.0325,35.945,1.9775,141.05,66.1775,850.0,169.5,Moderate,Surat
83.55,,1.205,9.22,5.8825,,3.7125,0.9575,,,,29.7,34.7525,1.69,101.275,24.775,850.0,178.7,Moderate,Surat
86.35,,1.3275,9.375,6.065,,3.715,0.9975,,,,27.585,37.1275,1.3575,104.8,0.27,850.0,188.0,Moderate,Surat
89.15,,1.38,9.3975,6.1175,,3.7475,1.065,,,,26.58,40.7875,1.3125,110.7975,0.0,850.0,197.2,Moderate,Surat
91.95,164.0,1.3725,9.3925,6.115,,3.8,1.115,,,,25.95,42.9825,1.425,106.2175,0.0,850.0,207.4,Poor,Surat
97.5,168.35,1.435,9.38,6.155,,3.9425,1.15,,,,25.16,44.79,1.505,121.8525,0.0,850.0,225.8,Poor,Surat
100.5,182.0,1.3525,9.4075,6.1025,,4.0625,1.15,,,,24.61,45.96,1.395,119.8175,0.0,850.0,235.6,Poor,Surat
76.975,182.0,1.3,9.3875,6.05,,4.15,1.215,,,,23.7325,49.085,1.275,118.6125,0.0,850.0,157.0,Moderate,Surat
105.5,182.0,1.26,9.3725,6.005,,4.31,1.23,,,,23.465,49.57,1.275,123.2375,0.0,850.0,252.2,Poor,Surat
114.55,176.41965,1.295,9.31,6.01,,4.2,1.1675,,,,23.12,49.7175,1.23,138.4425,0.0,850.0,282.0,Poor,Surat
107.25,167.49107,1.31,9.2725,5.9975,,4.165,1.135,,,,22.13,52.005,0.92,195.9075,0.0,850.0,257.9,Poor,Surat
97.3075,158.5625,1.2625,9.4725,6.065,,3.945,1.0875,,,,21.95,52.645,1.1375,138.5575,0.0,850.0,225.1,Poor,Surat
90.55,149.63393,1.2,9.3725,5.96,,3.8275,1.0575,,,,21.5525,53.795,0.9225,109.3525,0.0,850.0,202.8,Poor,Surat
85.5,140.70535,1.4525,9.295,6.1275,,3.84,1.0575,,,,20.835,56.08,0.4775,142.115,0.0,850.0,185.2,Moderate,Surat
91.5,131.77678,1.2225,9.2675,5.925,,3.89,1.07,,,,20.055,57.8725,0.565,234.815,0.0,850.0,206.0,Poor,Surat
111.25,,1.205,9.3675,5.9625,,4.0525,1.1275,,,,21.19,53.5925,1.0925,185.265,33.7075,850.0,271.1,Poor,Surat
109.7675,,1.4925,9.4525,6.24,,4.3225,1.2125,,,,22.7575,52.23,2.0525,186.8525,179.405,850.0,266.2,Poor,Surat
133.25,,1.4325,9.3925,6.16,,4.295,1.27,,,,25.0525,48.435,2.6975,170.6975,306.0125,850.0,311.1,Very Poor,Surat
144.8325,,1.4675,9.2325,6.1025,,4.34,1.275,,,,27.2725,45.9325,3.495,185.015,391.2075,850.0,319.9,Very Poor,Surat
148.0,,1.335,9.325,6.0475,,4.665,0.995,,,,29.435,39.7925,3.595,172.625,454.2125,850.0,322.3,Very Poor,Surat
120.88,,1.58,13.1325,8.27,,3.91,0.77,,,,30.725,35.605,3.1825,168.2925,454.2875,850.0,301.7,Very Poor,Surat
768.2675,,1.8,19.3325,11.745,,3.8,0.6775,,,,31.47,34.16,2.8175,154.74,403.9175,850.0,500.0,Severe,Surat
1000.0,57.0,1.5125,18.6,11.1225,,3.8175,0.6125,,,,31.9725,32.3625,2.63,165.4225,309.255,850.0,500.0,Severe,Surat
1000.0,65.955,1.2425,9.36,5.99,,3.63,0.57,,,,31.7825,33.095,2.665,168.2875,181.79,850.0,500.0,Severe,Surat
295.0,81.75,1.305,9.335,6.025,,3.71,0.615,,,,31.1075,33.925,2.295,171.85,80.21,850.0,418.8,Severe,Surat
62.2,91.1925,1.1425,9.37,5.91,,3.7,0.8125,,,,29.6725,36.34,1.435,141.795,25.335,850.0,108.3,Moderate,Surat
62.2575,101.9,1.265,9.3575,6.0075,,3.71,0.93,,,,28.01,40.2825,1.38,128.7325,0.26,850.0,108.4,Moderate,Surat
70.1575,107.9675,1.1675,9.3975,5.9475,,3.8075,1.0775,,,,26.9275,41.86,1.24,109.3,0.0,850.0,134.5,Moderate,Surat
93.7675,131.9925,1.3275,9.3375,6.045,,3.965,1.1675,,,,26.18,44.2175,1.3525,106.7875,0.0,850.0,213.4,Poor,Surat
86.9075,123.6825,1.385,9.285,6.0625,,3.99,1.175,,,,25.165,48.8,1.24,103.81,0.0,850.0,189.8,Moderate,Surat
90.1575,127.6425,1.3075,9.3325,6.0275,,4.0325,1.205,,,,24.3325,51.74,1.31,125.73,0.0,850.0,201.5,Poor,Surat
113.7675,162.8925,1.1525,9.455,5.97,,4.0725,1.25,,,,23.8275,52.36,1.4125,126.565,0.0,850.0,279.4,Poor,Surat
133.6025,196.9825,1.2575,9.37,6.005,,4.1375,1.2775,,,,23.09,54.0225,1.24,135.9025,0.0,850.0,311.4,Very Poor,Surat
126.9925,173.4425,1.2175,9.3325,5.9525,,4.1775,1.2325,,,,22.5625,55.675,1.4175,130.2025,0.0,850.0,306.3,Very Poor,Surat
123.0,164.225,1.2075,9.3525,5.9575,,3.92,1.1725,,,,21.97,57.68,1.3625,110.72,0.0,850.0,303.3,Very Poor,Surat
117.13,154.725,1.215,9.3475,5.955,,3.9,1.1225,,,,21.615,58.67,1.335,107.74,0.0,850.0,290.5,Poor,Surat
114.265,138.525,1.3925,9.3375,6.1,,3.9,1.085,,,,21.34,56.9675,1.0625,130.6675,0.0,850.0,281.1,Poor,Surat
99.9075,122.1325,1.28,9.43,6.0525,,3.9075,1.06,,,,21.315,55.1125,0.8925,134.3225,0.0,850.0,233.7,Poor,Surat
94.265,119.4675,1.3975,9.46,6.17,,3.9075,1.055,,,,21.3425,54.55,0.95,144.3075,0.0,850.0,215.1,Poor,Surat
107.9425,134.6775,1.3825,9.275,6.055,,4.1175,1.105,,,,21.375,54.875,1.0825,178.9225,41.905,850.0,260.2,Poor,Surat
112.265,140.735,1.3025,9.38,6.05,,4.3475,1.155,,,,23.62,49.7775,1.94,178.7575,190.34,850.0,274.5,Poor,Surat
94.4,138.0675,1.3375,9.355,6.0625,,4.32,1.175,,,,25.57,46.08,3.5525,189.6175,301.7625,850.0,215.5,Poor,Surat
88.0,137.0,1.3275,9.275,6.01,,4.33,1.1875,,,,27.0775,45.57,3.8125,188.9625,375.83,850.0,193.4,Moderate,Surat
88.0,137.0,1.315,9.2475,5.99,,4.175,1.12,,,,28.935,43.745,3.545,180.155,433.795,850.0,193.4,Moderate,Surat
46.65,119.475,1.315,9.365,6.0475,,4.0125,1.0475,,,,30.7825,40.19,2.785,163.3375,437.0425,850.0,113.9,Moderate,Surat
