city,model,track,n_train,n_test,n_feats,r2,mae,rmse,train_time_s,inference_time_s,train_rows,n_features,epochs,status,n_rows,horizon
Ahmedabad,Ridge,A,19765.0,4236.0,32.0,0.7107,31.3,41.88,0.04,0.0005,,,,,,
Chennai,Ridge,A,30881.0,6619.0,33.0,0.734,14.58,17.82,0.01,0.0004,,,,,,
Delhi_NCR,Ridge,A,54392.0,11657.0,34.0,0.8938,28.83,41.0,0.01,0.0006,,,,,,
GandhiNagar,Ridge,A,41042.0,8796.0,32.0,0.9244,6.84,11.41,0.01,0.0005,,,,,,
Hyderabad,Ridge,A,76995.0,16500.0,34.0,0.7341,14.93,19.47,0.01,0.0006,,,,,,
Indore,Ridge,A,30544.0,6546.0,32.0,0.8603,14.46,26.15,0.0,0.0004,,,,,,
Jaipur,Ridge,A,29625.0,6349.0,33.0,0.8121,18.37,26.66,0.0,0.0003,,,,,,
Jodhpur,Ridge,A,30330.0,6500.0,33.0,0.866,22.16,33.28,0.01,0.0004,,,,,,
Mumbai,Ridge,A,38083.0,8162.0,33.0,0.7887,19.22,28.48,0.01,0.0005,,,,,,
Mumbai_suburbs,Ridge,A,15137.0,3245.0,33.0,0.8879,10.92,16.33,0.0,0.0003,,,,,,
Nagpur,Ridge,A,56490.0,12105.0,32.0,0.9132,13.44,19.36,0.01,0.0006,,,,,,
Pune,Ridge,A,49326.0,10571.0,32.0,0.6253,25.42,50.33,0.01,0.0005,,,,,,
Singrauli,Ridge,A,48654.0,10427.0,22.0,0.8704,27.83,38.82,0.01,0.0004,,,,,,
Surat,Ridge,A,18302.0,3923.0,30.0,0.8256,20.21,37.3,0.0,0.0003,,,,,,
Thane,Ridge,A,14364.0,3079.0,33.0,0.8798,11.1,16.55,0.0,0.0003,,,,,,
Vapi,Ridge,A,40799.0,8744.0,31.0,0.8303,24.48,31.59,0.01,0.0005,,,,,,
bhopal,Ridge,A,30460.0,6528.0,32.0,0.8416,20.06,31.31,0.0,0.0004,,,,,,
vishakhapattanam,Ridge,A,24229.0,5193.0,34.0,0.9492,12.31,19.27,0.0,0.0003,,,,,,
Ahmedabad,RandomForest,A,19765.0,4236.0,32.0,0.9227,8.23,21.65,47.33,0.1189,,,,,,
Chennai,RandomForest,A,30881.0,6619.0,33.0,0.9997,0.17,0.58,108.34,0.1279,,,,,,
Delhi_NCR,RandomForest,A,54392.0,11657.0,34.0,0.9993,0.44,3.25,121.07,0.2956,,,,,,
GandhiNagar,RandomForest,A,41042.0,8796.0,32.0,0.9983,0.34,1.73,143.81,0.1981,,,,,,
Hyderabad,RandomForest,A,76995.0,16500.0,34.0,0.9634,1.26,7.22,227.34,0.3184,,,,,,
Indore,RandomForest,A,30544.0,6546.0,32.0,0.9962,0.96,4.31,84.69,0.1467,,,,,,
Jaipur,RandomForest,A,29625.0,6349.0,33.0,0.9575,2.91,12.67,94.01,0.1217,,,,,,
Jodhpur,RandomForest,A,30330.0,6500.0,33.0,0.9984,0.53,3.59,84.42,0.1781,,,,,,
Mumbai,RandomForest,A,38083.0,8162.0,33.0,0.9855,2.91,7.46,115.86,0.158,,,,,,
Mumbai_suburbs,RandomForest,A,15137.0,3245.0,33.0,0.9952,0.62,3.38,41.09,0.0846,,,,,,
Nagpur,RandomForest,A,56490.0,12105.0,32.0,0.9981,0.33,2.83,194.35,0.3384,,,,,,
Pune,RandomForest,A,49326.0,10571.0,32.0,0.9929,2.36,6.93,140.72,0.148,,,,,,
Singrauli,RandomForest,A,48654.0,10427.0,22.0,0.9992,0.59,3.08,77.53,0.2069,,,,,,
Surat,RandomForest,A,18302.0,3923.0,30.0,0.9938,1.98,7.03,39.97,0.0746,,,,,,
Thane,RandomForest,A,14364.0,3079.0,33.0,0.9971,0.58,2.56,40.24,0.1395,,,,,,
Vapi,RandomForest,A,40799.0,8744.0,31.0,0.9942,2.38,5.84,98.38,0.1892,,,,,,
bhopal,RandomForest,A,30460.0,6528.0,32.0,0.9849,1.95,9.68,76.26,0.1302,,,,,,
vishakhapattanam,RandomForest,A,24229.0,5193.0,34.0,0.9965,1.03,5.07,65.18,0.119,,,,,,
Ahmedabad,GradBoost,A,19765.0,4236.0,32.0,0.9696,5.23,13.57,29.72,0.0098,,,,,,
Chennai,GradBoost,A,30881.0,6619.0,33.0,0.995,1.79,2.44,50.52,0.0124,,,,,,
Delhi_NCR,GradBoost,A,54392.0,11657.0,34.0,0.9986,2.57,4.68,61.86,0.0258,,,,,,
GandhiNagar,GradBoost,A,41042.0,8796.0,32.0,0.9982,0.96,1.75,71.31,0.0183,,,,,,
Hyderabad,GradBoost,A,76995.0,16500.0,34.0,0.969,3.36,6.65,118.25,0.0363,,,,,,
Indore,GradBoost,A,30544.0,6546.0,32.0,0.9954,2.58,4.75,43.48,0.0137,,,,,,
Jaipur,GradBoost,A,29625.0,6349.0,33.0,0.9743,4.15,9.85,53.31,0.0149,,,,,,
Jodhpur,GradBoost,A,30330.0,6500.0,33.0,0.9987,1.6,3.24,52.19,0.0194,,,,,,
Mumbai,GradBoost,A,38083.0,8162.0,33.0,0.986,4.31,7.34,64.08,0.0149,,,,,,
Mumbai_suburbs,GradBoost,A,15137.0,3245.0,33.0,0.9938,1.45,3.83,26.18,0.0069,,,,,,
Nagpur,GradBoost,A,56490.0,12105.0,32.0,0.9959,2.59,4.19,98.55,0.026,,,,,,
Pune,GradBoost,A,49326.0,10571.0,32.0,0.9864,5.87,9.6,76.48,0.0201,,,,,,
Singrauli,GradBoost,A,48654.0,10427.0,22.0,0.9981,2.49,4.65,42.3,0.0245,,,,,,
Surat,GradBoost,A,18302.0,3923.0,30.0,0.9962,3.51,5.5,26.12,0.0093,,,,,,
Thane,GradBoost,A,14364.0,3079.0,33.0,0.9973,1.23,2.47,24.71,0.0066,,,,,,
Vapi,GradBoost,A,40799.0,8744.0,31.0,0.9899,5.22,7.7,53.75,0.0182,,,,,,
bhopal,GradBoost,A,30460.0,6528.0,32.0,0.9915,2.39,7.24,42.88,0.0146,,,,,,
vishakhapattanam,GradBoost,A,24229.0,5193.0,34.0,0.9974,1.71,4.34,36.65,0.0121,,,,,,
Ahmedabad,XGBoost,A,19765.0,4236.0,32.0,0.9571,7.06,16.13,1.56,0.0045,,,,,,
Chennai,XGBoost,A,30881.0,6619.0,33.0,0.9824,1.74,4.58,1.86,0.014,,,,,,
Delhi_NCR,XGBoost,A,54392.0,11657.0,34.0,0.9989,1.9,4.16,2.73,0.0168,,,,,,
GandhiNagar,XGBoost,A,41042.0,8796.0,32.0,0.9758,1.45,6.46,2.13,0.0071,,,,,,
Hyderabad,XGBoost,A,76995.0,16500.0,34.0,0.9581,2.96,7.72,3.74,0.0204,,,,,,
Indore,XGBoost,A,30544.0,6546.0,32.0,0.9964,2.04,4.2,1.99,0.0056,,,,,,
Jaipur,XGBoost,A,29625.0,6349.0,33.0,0.9662,3.39,11.3,2.06,0.0054,,,,,,
Jodhpur,XGBoost,A,30330.0,6500.0,33.0,0.9985,1.48,3.57,2.1,0.0054,,,,,,
Mumbai,XGBoost,A,38083.0,8162.0,33.0,0.9866,4.25,7.17,2.26,0.0069,,,,,,
Mumbai_suburbs,XGBoost,A,15137.0,3245.0,33.0,0.9955,1.23,3.27,1.46,0.0043,,,,,,
Nagpur,XGBoost,A,56490.0,12105.0,32.0,0.9969,1.67,3.68,2.82,0.0177,,,,,,
Pune,XGBoost,A,49326.0,10571.0,32.0,0.9777,5.96,12.29,2.97,0.0081,,,,,,
Singrauli,XGBoost,A,48654.0,10427.0,22.0,0.9986,1.87,3.98,2.01,0.0162,,,,,,
Surat,XGBoost,A,18302.0,3923.0,30.0,0.9954,2.92,6.04,1.53,0.0122,,,,,,
Thane,XGBoost,A,14364.0,3079.0,33.0,0.9952,1.23,3.3,1.43,0.0033,,,,,,
Vapi,XGBoost,A,40799.0,8744.0,31.0,0.994,3.87,5.92,2.15,0.0152,,,,,,
bhopal,XGBoost,A,30460.0,6528.0,32.0,0.9729,3.82,12.96,1.92,0.0139,,,,,,
vishakhapattanam,XGBoost,A,24229.0,5193.0,34.0,0.995,2.11,6.04,1.75,0.0046,,,,,,
Ahmedabad,LSTM,A,,,,0.8221,23.08,32.89,141.2,1.724,28236.0,31.0,44.0,ok,,
Chennai,LSTM,A,,,,0.5471,16.13,23.27,189.4,2.12,44117.0,32.0,40.0,ok,,
Delhi_NCR,LSTM,A,,,,0.915,25.45,36.66,162.0,2.978,77704.0,33.0,19.0,ok,,
GandhiNagar,LSTM,A,,,,0.7744,12.01,19.72,197.2,2.406,58632.0,31.0,31.0,ok,,
Hyderabad,LSTM,A,,,,0.5692,18.2,24.74,411.7,3.797,109993.0,33.0,34.0,ok,,
Indore,LSTM,A,,,,0.8826,15.64,23.99,115.4,2.103,43635.0,31.0,24.0,ok,,
Jaipur,LSTM,A,,,,0.7009,20.36,33.69,203.7,2.071,42322.0,32.0,44.0,ok,,
Jodhpur,LSTM,A,,,,-0.1041,80.47,95.59,133.7,2.114,43329.0,32.0,28.0,ok,,
Mumbai,LSTM,A,,,,0.7314,18.32,32.16,163.4,2.369,54405.0,32.0,28.0,ok,,
Mumbai_suburbs,LSTM,A,,,,0.7622,16.86,23.71,88.5,1.57,21625.0,32.0,36.0,ok,,
Nagpur,LSTM,A,,,,0.867,15.91,23.96,215.8,2.992,80700.0,31.0,25.0,ok,,
Pune,LSTM,A,,,,-0.3061,67.91,93.99,153.1,2.814,70466.0,31.0,20.0,ok,,
Singrauli,LSTM,A,,,,0.8246,28.81,45.15,329.5,2.715,69506.0,22.0,45.0,ok,,
Surat,LSTM,A,,,,0.635,30.76,54.04,119.4,1.682,26147.0,29.0,40.0,ok,,
Thane,LSTM,A,,,,0.7235,18.81,25.12,54.1,1.536,20521.0,32.0,22.0,ok,,
Vapi,LSTM,A,,,,0.5393,36.82,51.97,174.6,2.487,58285.0,30.0,27.0,ok,,
bhopal,LSTM,A,,,,0.803,21.6,34.94,143.8,2.1,43515.0,31.0,30.0,ok,,
vishakhapattanam,LSTM,A,,,,0.8534,19.53,32.81,123.7,1.903,34614.0,33.0,32.0,ok,,
Ahmedabad,BiLSTM,A,,,32.0,0.8321,22.25,31.96,277.5,3.328,,,,,28236.0,
Chennai,BiLSTM,A,,,33.0,0.4047,18.16,26.68,513.2,3.951,,,,,44117.0,
Delhi_NCR,BiLSTM,A,,,34.0,0.9263,23.79,34.15,623.6,5.35,,,,,77704.0,
GandhiNagar,BiLSTM,A,,,32.0,0.7712,11.95,19.86,396.7,4.693,,,,,58632.0,
Hyderabad,BiLSTM,A,,,34.0,0.5375,18.42,25.64,845.4,6.702,,,,,109993.0,
Indore,BiLSTM,A,,,32.0,0.8874,15.42,23.5,267.0,3.924,,,,,43635.0,
Jaipur,BiLSTM,A,,,33.0,0.705,20.64,33.45,328.4,3.876,,,,,42322.0,
Jodhpur,BiLSTM,A,,,33.0,-1.1037,100.72,131.94,247.8,4.036,,,,,43329.0,
Mumbai,BiLSTM,A,,,33.0,0.7427,17.39,31.47,335.3,4.329,,,,,54405.0,
Mumbai_suburbs,BiLSTM,A,,,33.0,0.803,15.05,21.58,149.4,3.052,,,,,21625.0,
Nagpur,BiLSTM,A,,,32.0,0.9107,13.17,19.63,466.0,5.435,,,,,80700.0,
Pune,BiLSTM,A,,,32.0,-0.2789,69.48,93.01,394.6,5.084,,,,,70466.0,
Singrauli,BiLSTM,A,,,22.0,0.8292,27.99,44.54,721.3,5.119,,,,,69506.0,
Surat,BiLSTM,A,,,30.0,0.6301,32.32,54.4,280.5,3.206,,,,,26147.0,
Thane,BiLSTM,A,,,33.0,0.7353,17.71,24.58,175.5,3.002,,,,,20521.0,
Vapi,BiLSTM,A,,,31.0,0.6297,30.69,46.59,647.1,4.493,,,,,58285.0,
bhopal,BiLSTM,A,,,32.0,0.7841,22.51,36.58,217.9,3.953,,,,,43515.0,
vishakhapattanam,BiLSTM,A,,,34.0,0.8681,18.57,31.13,296.6,3.544,,,,,34614.0,
Ahmedabad,CNN-BiLSTM,A,,,17.0,0.5595,37.12,51.76,75.7,0.9,,,,,28236.0,
Chennai,CNN-BiLSTM,A,,,17.0,0.0442,21.18,33.81,111.6,1.082,,,,,44117.0,
Delhi_NCR,CNN-BiLSTM,A,,,17.0,0.6863,55.74,70.44,46.6,1.532,,,,,77704.0,
GandhiNagar,CNN-BiLSTM,A,,,17.0,0.4606,20.66,30.5,98.8,1.267,,,,,58632.0,
Hyderabad,CNN-BiLSTM,A,,,17.0,0.1233,27.92,35.3,66.7,1.949,,,,,109993.0,
Indore,CNN-BiLSTM,A,,,17.0,0.463,35.14,51.32,27.9,1.08,,,,,43635.0,
Jaipur,CNN-BiLSTM,A,,,17.0,-0.2508,51.8,68.88,28.7,1.064,,,,,42322.0,
Jodhpur,CNN-BiLSTM,A,,,17.0,0.2745,58.8,77.48,29.6,1.085,,,,,43329.0,
Mumbai,CNN-BiLSTM,A,,,17.0,-0.21,48.51,68.24,33.5,1.218,,,,,54405.0,
Mumbai_suburbs,CNN-BiLSTM,A,,,17.0,0.6565,20.47,28.5,44.2,0.802,,,,,21625.0,
Nagpur,CNN-BiLSTM,A,,,17.0,0.5603,29.15,43.56,48.2,1.567,,,,,80700.0,
Pune,CNN-BiLSTM,A,,,17.0,0.1506,48.34,75.8,42.9,1.436,,,,,70466.0,
Singrauli,CNN-BiLSTM,A,,,14.0,0.3659,63.06,85.84,42.1,1.425,,,,,69506.0,
Surat,CNN-BiLSTM,A,,,17.0,-0.1853,72.25,97.38,18.8,0.865,,,,,26147.0,
Thane,CNN-BiLSTM,A,,,17.0,0.4562,27.41,35.23,33.3,0.78,,,,,20521.0,
Vapi,CNN-BiLSTM,A,,,17.0,-0.2064,64.35,84.1,35.8,1.274,,,,,58285.0,
bhopal,CNN-BiLSTM,A,,,17.0,0.5501,38.12,52.81,27.5,1.07,,,,,43515.0,
vishakhapattanam,CNN-BiLSTM,A,,,17.0,0.4627,40.45,62.82,22.8,0.969,,,,,34614.0,
Ahmedabad,RandomForest,B,19764.0,4236.0,70.0,0.7501,26.27,38.92,23.23,0.0434,,,,,,1.0
Ahmedabad,RandomForest,B,19761.0,4235.0,70.0,0.4759,41.69,56.38,22.96,0.0429,,,,,,6.0
Ahmedabad,RandomForest,B,19748.0,4233.0,70.0,0.4438,44.87,58.08,24.31,0.0428,,,,,,24.0
Chennai,RandomForest,B,30881.0,6618.0,71.0,0.6518,9.6,20.39,52.42,0.0633,,,,,,1.0
Chennai,RandomForest,B,30877.0,6618.0,71.0,0.2635,15.89,29.65,50.62,0.0532,,,,,,6.0
Chennai,RandomForest,B,30865.0,6615.0,71.0,0.1617,15.74,31.64,53.54,0.0633,,,,,,24.0
Delhi_NCR,RandomForest,B,54392.0,11656.0,72.0,0.9024,27.23,39.3,59.0,0.1441,,,,,,1.0
Delhi_NCR,RandomForest,B,54388.0,11656.0,72.0,0.7873,43.1,58.01,57.24,0.1137,,,,,,6.0
Delhi_NCR,RandomForest,B,54376.0,11652.0,72.0,0.7146,50.51,67.2,57.3,0.1138,,,,,,24.0
GandhiNagar,RandomForest,B,41041.0,8796.0,70.0,0.6409,16.1,24.87,58.25,0.1037,,,,,,1.0
GandhiNagar,RandomForest,B,41038.0,8795.0,70.0,0.3845,22.65,32.57,54.57,0.0937,,,,,,6.0
GandhiNagar,RandomForest,B,41025.0,8792.0,70.0,0.3695,22.8,32.96,54.87,0.094,,,,,,24.0
Hyderabad,RandomForest,B,76994.0,16500.0,72.0,0.6436,16.79,22.54,91.31,0.144,,,,,,1.0
Hyderabad,RandomForest,B,76990.0,16499.0,72.0,0.4418,22.33,28.2,86.89,0.1238,,,,,,6.0
Hyderabad,RandomForest,B,76978.0,16496.0,72.0,0.3358,24.48,30.75,94.86,0.1345,,,,,,24.0
Indore,RandomForest,B,30543.0,6546.0,72.0,0.8125,18.73,30.28,33.08,0.0742,,,,,,1.0
Indore,RandomForest,B,30540.0,6545.0,72.0,0.5896,28.32,44.81,32.22,0.0632,,,,,,6.0
Indore,RandomForest,B,30527.0,6543.0,72.0,0.5165,31.71,48.63,33.99,0.0735,,,,,,24.0
Jaipur,RandomForest,B,29624.0,6349.0,71.0,0.5049,31.27,43.26,36.92,0.0634,,,,,,1.0
Jaipur,RandomForest,B,29621.0,6348.0,71.0,0.3053,33.68,51.25,34.95,0.0633,,,,,,6.0
Jaipur,RandomForest,B,29608.0,6346.0,71.0,0.0921,42.79,58.6,35.39,0.0544,,,,,,24.0
Jodhpur,RandomForest,B,30329.0,6500.0,71.0,0.4586,48.87,66.89,32.79,0.0737,,,,,,1.0
Jodhpur,RandomForest,B,30326.0,6499.0,71.0,0.2576,58.38,78.34,33.53,0.0631,,,,,,6.0
Jodhpur,RandomForest,B,30313.0,6497.0,71.0,0.2326,60.76,79.66,32.95,0.0631,,,,,,24.0
Mumbai,RandomForest,B,38082.0,8162.0,72.0,0.5968,25.2,39.34,52.4,0.0733,,,,,,1.0
Mumbai,RandomForest,B,38079.0,8161.0,72.0,0.1911,38.38,55.73,52.45,0.0635,,,,,,6.0
Mumbai,RandomForest,B,38066.0,8158.0,72.0,-0.386,54.85,72.96,51.1,0.0632,,,,,,24.0
Mumbai_suburbs,RandomForest,B,15136.0,3245.0,71.0,0.8402,12.56,19.49,17.8,0.0431,,,,,,1.0
Mumbai_suburbs,RandomForest,B,15133.0,3244.0,71.0,0.6754,20.63,27.77,17.09,0.0428,,,,,,6.0
Mumbai_suburbs,RandomForest,B,15120.0,3241.0,71.0,0.5427,24.46,32.96,18.01,0.0431,,,,,,24.0
Nagpur,RandomForest,B,56489.0,12106.0,70.0,0.8624,16.41,24.38,77.58,0.1239,,,,,,1.0
Nagpur,RandomForest,B,56485.0,12105.0,70.0,0.6864,26.09,36.8,74.49,0.1141,,,,,,6.0
Nagpur,RandomForest,B,56473.0,12102.0,70.0,0.6169,29.4,40.67,78.72,0.1137,,,,,,24.0
Pune,RandomForest,B,49325.0,10571.0,64.0,0.4158,43.39,62.85,64.85,0.0633,,,,,,1.0
Pune,RandomForest,B,49322.0,10569.0,64.0,0.2203,52.91,72.62,64.0,0.0633,,,,,,6.0
Pune,RandomForest,B,49309.0,10567.0,64.0,0.0378,62.35,80.67,67.45,0.063,,,,,,24.0
Singrauli,RandomForest,B,48653.0,10427.0,64.0,0.6777,42.29,61.21,50.85,0.1137,,,,,,1.0
Singrauli,RandomForest,B,48650.0,10425.0,64.0,0.4803,59.12,77.73,51.47,0.0939,,,,,,6.0
Singrauli,RandomForest,B,48637.0,10423.0,64.0,0.4105,62.69,82.79,54.99,0.1035,,,,,,24.0
Surat,RandomForest,B,18302.0,3923.0,58.0,0.3555,41.21,71.71,17.95,0.0433,,,,,,1.0
Surat,RandomForest,B,18298.0,3922.0,58.0,0.157,53.12,82.01,17.81,0.0427,,,,,,6.0
Surat,RandomForest,B,18286.0,3919.0,58.0,0.1321,56.54,83.24,18.08,0.0435,,,,,,24.0
Thane,RandomForest,B,14363.0,3079.0,71.0,0.8512,11.32,18.42,15.47,0.0429,,,,,,1.0
Thane,RandomForest,B,14360.0,3078.0,71.0,0.6603,19.67,27.83,15.37,0.043,,,,,,6.0
Thane,RandomForest,B,14347.0,3076.0,71.0,0.5329,23.35,32.63,16.39,0.043,,,,,,24.0
Vapi,RandomForest,B,40798.0,8744.0,70.0,0.5235,36.71,52.95,43.34,0.0732,,,,,,1.0
Vapi,RandomForest,B,40795.0,8743.0,70.0,0.4124,43.38,58.8,42.83,0.0631,,,,,,6.0
Vapi,RandomForest,B,40782.0,8740.0,70.0,0.3409,45.94,62.27,43.32,0.0635,,,,,,24.0
bhopal,RandomForest,B,30459.0,6528.0,72.0,0.8162,21.39,33.72,34.73,0.0737,,,,,,1.0
bhopal,RandomForest,B,30456.0,6527.0,72.0,0.6561,31.19,46.14,33.8,0.0632,,,,,,6.0
bhopal,RandomForest,B,30443.0,6525.0,72.0,0.6216,33.43,48.4,34.32,0.0634,,,,,,24.0
vishakhapattanam,RandomForest,B,24229.0,5193.0,72.0,0.7712,25.65,40.9,26.42,0.063,,,,,,1.0
vishakhapattanam,RandomForest,B,24225.0,5192.0,72.0,0.5837,36.09,55.18,27.36,0.0536,,,,,,6.0
vishakhapattanam,RandomForest,B,24213.0,5189.0,72.0,0.5179,40.19,59.4,29.27,0.0631,,,,,,24.0
Ahmedabad,GradBoost,B,19764.0,4236.0,70.0,0.7398,26.07,39.72,62.23,0.0097,,,,,,1.0
Ahmedabad,GradBoost,B,19761.0,4235.0,70.0,0.5268,35.39,53.57,62.39,0.009,,,,,,6.0
Ahmedabad,GradBoost,B,19748.0,4233.0,70.0,0.4966,39.52,55.26,62.09,0.0094,,,,,,24.0
Chennai,GradBoost,B,30881.0,6618.0,71.0,0.5129,12.89,24.12,104.0,0.0136,,,,,,1.0
Chennai,GradBoost,B,30877.0,6618.0,71.0,0.3592,14.05,27.66,103.76,0.0133,,,,,,6.0
Chennai,GradBoost,B,30865.0,6615.0,71.0,0.1365,16.0,32.11,103.4,0.0135,,,,,,24.0
Delhi_NCR,GradBoost,B,54392.0,11656.0,72.0,0.9024,27.13,39.29,146.26,0.0264,,,,,,1.0
Delhi_NCR,GradBoost,B,54388.0,11656.0,72.0,0.7957,41.59,56.86,145.22,0.025,,,,,,6.0
Delhi_NCR,GradBoost,B,54376.0,11652.0,72.0,0.7287,47.74,65.52,146.01,0.0254,,,,,,24.0
GandhiNagar,GradBoost,B,41041.0,8796.0,70.0,0.6524,15.63,24.47,143.35,0.0199,,,,,,1.0
GandhiNagar,GradBoost,B,41038.0,8795.0,70.0,0.413,21.96,31.8,142.58,0.0193,,,,,,6.0
GandhiNagar,GradBoost,B,41025.0,8792.0,70.0,0.363,22.61,33.13,143.29,0.0191,,,,,,24.0
Hyderabad,GradBoost,B,76994.0,16500.0,72.0,0.6411,16.52,22.62,205.77,0.0367,,,,,,1.0
Hyderabad,GradBoost,B,76990.0,16499.0,72.0,0.4615,21.39,27.7,206.28,0.0344,,,,,,6.0
Hyderabad,GradBoost,B,76978.0,16496.0,72.0,0.4068,22.77,29.06,205.88,0.0353,,,,,,24.0
Indore,GradBoost,B,30543.0,6546.0,72.0,0.8229,18.37,29.43,87.38,0.0161,,,,,,1.0
Indore,GradBoost,B,30540.0,6545.0,72.0,0.5941,27.8,44.56,87.4,0.015,,,,,,6.0
Indore,GradBoost,B,30527.0,6543.0,72.0,0.5094,30.6,48.99,87.68,0.0155,,,,,,24.0
Jaipur,GradBoost,B,29624.0,6349.0,71.0,0.5538,28.3,41.07,107.75,0.0153,,,,,,1.0
Jaipur,GradBoost,B,29621.0,6348.0,71.0,0.3134,31.52,50.95,107.51,0.0147,,,,,,6.0
Jaipur,GradBoost,B,29608.0,6346.0,71.0,0.0302,41.9,60.57,107.48,0.0149,,,,,,24.0
Jodhpur,GradBoost,B,30329.0,6500.0,71.0,0.3763,54.07,71.79,96.69,0.0172,,,,,,1.0
Jodhpur,GradBoost,B,30326.0,6499.0,71.0,0.2716,56.63,77.59,97.13,0.0154,,,,,,6.0
Jodhpur,GradBoost,B,30313.0,6497.0,71.0,0.1266,67.86,84.98,96.88,0.0165,,,,,,24.0
Mumbai,GradBoost,B,38082.0,8162.0,72.0,0.5014,26.42,43.75,134.02,0.0173,,,,,,1.0
Mumbai,GradBoost,B,38079.0,8161.0,72.0,0.2481,33.97,53.73,134.22,0.017,,,,,,6.0
Mumbai,GradBoost,B,38066.0,8158.0,72.0,-0.3156,48.78,71.08,135.18,0.0169,,,,,,24.0
Mumbai_suburbs,GradBoost,B,15136.0,3245.0,71.0,0.838,12.28,19.62,50.14,0.0073,,,,,,1.0
Mumbai_suburbs,GradBoost,B,15133.0,3244.0,71.0,0.6535,21.17,28.69,50.05,0.0068,,,,,,6.0
Mumbai_suburbs,GradBoost,B,15120.0,3241.0,71.0,0.5024,26.13,34.38,50.51,0.0068,,,,,,24.0
Nagpur,GradBoost,B,56489.0,12106.0,70.0,0.8635,16.23,24.28,202.99,0.0274,,,,,,1.0
Nagpur,GradBoost,B,56485.0,12105.0,70.0,0.6988,24.86,36.06,202.82,0.0269,,,,,,6.0
Nagpur,GradBoost,B,56473.0,12102.0,70.0,0.6451,27.71,39.14,202.47,0.0266,,,,,,24.0
Pune,GradBoost,B,49325.0,10571.0,64.0,0.3695,41.47,65.3,156.39,0.0219,,,,,,1.0
Pune,GradBoost,B,49322.0,10569.0,64.0,0.3268,44.54,67.47,155.5,0.0214,,,,,,6.0
Pune,GradBoost,B,49309.0,10567.0,64.0,0.1857,51.54,74.22,156.29,0.0223,,,,,,24.0
Singrauli,GradBoost,B,48653.0,10427.0,64.0,0.6857,40.18,60.44,133.6,0.0247,,,,,,1.0
Singrauli,GradBoost,B,48650.0,10425.0,64.0,0.5187,54.42,74.8,133.44,0.0225,,,,,,6.0
Singrauli,GradBoost,B,48637.0,10423.0,64.0,0.4446,58.82,80.36,133.96,0.0241,,,,,,24.0
Surat,GradBoost,B,18302.0,3923.0,58.0,0.3737,37.84,70.68,46.31,0.0071,,,,,,1.0
Surat,GradBoost,B,18298.0,3922.0,58.0,0.224,45.5,78.69,46.1,0.007,,,,,,6.0
Surat,GradBoost,B,18286.0,3919.0,58.0,0.1399,50.15,82.86,46.22,0.0068,,,,,,24.0
Thane,GradBoost,B,14363.0,3079.0,71.0,0.8498,11.27,18.51,47.91,0.007,,,,,,1.0
Thane,GradBoost,B,14360.0,3078.0,71.0,0.6796,18.87,27.03,47.75,0.0067,,,,,,6.0
Thane,GradBoost,B,14347.0,3076.0,71.0,0.5743,22.1,31.15,47.77,0.0065,,,,,,24.0
Vapi,GradBoost,B,40798.0,8744.0,70.0,0.5239,35.75,52.92,107.84,0.0201,,,,,,1.0
Vapi,GradBoost,B,40795.0,8743.0,70.0,0.424,42.58,58.21,107.72,0.0184,,,,,,6.0
Vapi,GradBoost,B,40782.0,8740.0,70.0,0.2877,46.69,64.74,107.51,0.0185,,,,,,24.0
bhopal,GradBoost,B,30459.0,6528.0,72.0,0.8192,20.61,33.45,87.79,0.0156,,,,,,1.0
bhopal,GradBoost,B,30456.0,6527.0,72.0,0.6695,29.55,45.23,87.85,0.0148,,,,,,6.0
bhopal,GradBoost,B,30443.0,6525.0,72.0,0.6144,32.25,48.86,87.59,0.0147,,,,,,24.0
vishakhapattanam,GradBoost,B,24229.0,5193.0,72.0,0.7719,25.25,40.84,68.01,0.0133,,,,,,1.0
vishakhapattanam,GradBoost,B,24225.0,5192.0,72.0,0.6039,34.71,53.83,68.05,0.0121,,,,,,6.0
vishakhapattanam,GradBoost,B,24213.0,5189.0,72.0,0.5276,38.94,58.8,67.99,0.0123,,,,,,24.0
Ahmedabad,XGBoost,B,19764.0,4236.0,70.0,0.7179,26.98,41.36,4.53,0.0629,,,,,,1.0
Ahmedabad,XGBoost,B,19761.0,4235.0,70.0,0.5112,37.54,54.44,4.52,0.0128,,,,,,6.0
Ahmedabad,XGBoost,B,19748.0,4233.0,70.0,0.3803,44.8,61.31,4.74,0.0639,,,,,,24.0
Chennai,XGBoost,B,30881.0,6618.0,71.0,0.5255,10.84,23.8,4.7,0.0694,,,,,,1.0
Chennai,XGBoost,B,30877.0,6618.0,71.0,0.2997,13.83,28.92,4.81,0.0681,,,,,,6.0
Chennai,XGBoost,B,30865.0,6615.0,71.0,0.2147,14.81,30.62,4.91,0.0672,,,,,,24.0
Delhi_NCR,XGBoost,B,54392.0,11656.0,72.0,0.903,27.04,39.17,5.27,0.0755,,,,,,1.0
Delhi_NCR,XGBoost,B,54388.0,11656.0,72.0,0.7947,41.9,56.99,5.21,0.0761,,,,,,6.0
Delhi_NCR,XGBoost,B,54376.0,11652.0,72.0,0.7245,48.42,66.03,5.2,0.0769,,,,,,24.0
GandhiNagar,XGBoost,B,41041.0,8796.0,70.0,0.6399,15.68,24.91,5.56,0.0212,,,,,,1.0
GandhiNagar,XGBoost,B,41038.0,8795.0,70.0,0.4097,21.9,31.89,5.77,0.0207,,,,,,6.0
GandhiNagar,XGBoost,B,41025.0,8792.0,70.0,0.3564,22.72,33.3,5.6,0.0706,,,,,,24.0
Hyderabad,XGBoost,B,76994.0,16500.0,72.0,0.6351,16.81,22.81,6.11,0.084,,,,,,1.0
Hyderabad,XGBoost,B,76990.0,16499.0,72.0,0.4229,22.48,28.67,6.5,0.0338,,,,,,6.0
Hyderabad,XGBoost,B,76978.0,16496.0,72.0,0.3662,23.6,30.04,6.02,0.0838,,,,,,24.0
Indore,XGBoost,B,30543.0,6546.0,72.0,0.8204,18.39,29.64,5.49,0.0666,,,,,,1.0
Indore,XGBoost,B,30540.0,6545.0,72.0,0.6102,27.02,43.67,5.51,0.0676,,,,,,6.0
Indore,XGBoost,B,30527.0,6543.0,72.0,0.5323,29.91,47.83,5.4,0.0169,,,,,,24.0
Jaipur,XGBoost,B,29624.0,6349.0,71.0,0.5722,27.0,40.22,5.75,0.0168,,,,,,1.0
Jaipur,XGBoost,B,29621.0,6348.0,71.0,0.2811,33.05,52.14,5.77,0.0165,,,,,,6.0
Jaipur,XGBoost,B,29608.0,6346.0,71.0,-0.0369,43.86,62.62,5.8,0.0168,,,,,,24.0
Jodhpur,XGBoost,B,30329.0,6500.0,71.0,0.2664,60.03,77.86,5.16,0.0172,,,,,,1.0
Jodhpur,XGBoost,B,30326.0,6499.0,71.0,0.2816,53.87,77.06,5.27,0.0168,,,,,,6.0
Jodhpur,XGBoost,B,30313.0,6497.0,71.0,0.1166,68.96,85.47,5.24,0.1832,,,,,,24.0
Mumbai,XGBoost,B,38082.0,8162.0,72.0,0.5833,25.33,40.0,5.3,0.0196,,,,,,1.0
Mumbai,XGBoost,B,38079.0,8161.0,72.0,0.2646,34.77,53.14,5.42,0.0777,,,,,,6.0
Mumbai,XGBoost,B,38066.0,8158.0,72.0,-0.0088,43.41,62.24,5.39,0.0196,,,,,,24.0
Mumbai_suburbs,XGBoost,B,15136.0,3245.0,71.0,0.8484,11.87,18.98,4.59,0.0111,,,,,,1.0
Mumbai_suburbs,XGBoost,B,15133.0,3244.0,71.0,0.6525,21.17,28.74,4.57,0.0129,,,,,,6.0
Mumbai_suburbs,XGBoost,B,15120.0,3241.0,71.0,0.4184,27.78,37.17,4.59,0.011,,,,,,24.0
Nagpur,XGBoost,B,56489.0,12106.0,70.0,0.8679,15.57,23.88,6.25,0.0765,,,,,,1.0
Nagpur,XGBoost,B,56485.0,12105.0,70.0,0.7075,24.05,35.53,6.66,0.0262,,,,,,6.0
Nagpur,XGBoost,B,56473.0,12102.0,70.0,0.6414,27.62,39.35,6.27,0.0263,,,,,,24.0
Pune,XGBoost,B,49325.0,10571.0,64.0,0.4534,37.4,60.79,4.9,0.0236,,,,,,1.0
Pune,XGBoost,B,49322.0,10569.0,64.0,0.1714,50.92,74.86,5.0,0.0738,,,,,,6.0
Pune,XGBoost,B,49309.0,10567.0,64.0,0.2378,48.89,71.8,5.11,0.0736,,,,,,24.0
Singrauli,XGBoost,B,48653.0,10427.0,64.0,0.6852,40.37,60.49,5.76,0.0229,,,,,,1.0
Singrauli,XGBoost,B,48650.0,10425.0,64.0,0.5109,55.11,75.4,5.63,0.0731,,,,,,6.0
Singrauli,XGBoost,B,48637.0,10423.0,64.0,0.4107,60.36,82.77,5.71,0.073,,,,,,24.0
Surat,XGBoost,B,18302.0,3923.0,58.0,0.3795,38.09,70.36,3.46,0.0116,,,,,,1.0
Surat,XGBoost,B,18298.0,3922.0,58.0,0.178,46.29,80.98,3.38,0.0116,,,,,,6.0
Surat,XGBoost,B,18286.0,3919.0,58.0,0.1458,50.35,82.58,3.48,0.0116,,,,,,24.0
Thane,XGBoost,B,14363.0,3079.0,71.0,0.8408,11.86,19.06,4.69,0.0611,,,,,,1.0
Thane,XGBoost,B,14360.0,3078.0,71.0,0.6349,20.8,28.85,4.8,0.0113,,,,,,6.0
Thane,XGBoost,B,14347.0,3076.0,71.0,0.3827,26.85,37.51,4.51,0.061,,,,,,24.0
Vapi,XGBoost,B,40798.0,8744.0,70.0,0.531,35.47,52.53,4.82,0.0211,,,,,,1.0
Vapi,XGBoost,B,40795.0,8743.0,70.0,0.4345,41.38,57.68,4.78,0.0205,,,,,,6.0
Vapi,XGBoost,B,40782.0,8740.0,70.0,0.1885,50.25,69.1,4.81,0.0211,,,,,,24.0
bhopal,XGBoost,B,30459.0,6528.0,72.0,0.8204,20.47,33.34,5.48,0.0671,,,,,,1.0
bhopal,XGBoost,B,30456.0,6527.0,72.0,0.6688,29.72,45.28,5.39,0.0168,,,,,,6.0
bhopal,XGBoost,B,30443.0,6525.0,72.0,0.6095,32.96,49.17,5.4,0.0167,,,,,,24.0
vishakhapattanam,XGBoost,B,24229.0,5193.0,72.0,0.7686,25.5,41.14,5.09,0.0149,,,,,,1.0
vishakhapattanam,XGBoost,B,24225.0,5192.0,72.0,0.5879,35.06,54.91,5.14,0.0646,,,,,,6.0
vishakhapattanam,XGBoost,B,24213.0,5189.0,72.0,0.5111,39.34,59.81,5.28,0.0147,,,,,,24.0
Ahmedabad,LSTM,B,19740.0,4212.0,70.0,0.5834,32.52,50.34,66.06,0.8721,,,,,,1.0
Ahmedabad,LSTM,B,19737.0,4211.0,70.0,0.5623,35.78,51.6,27.56,0.8376,,,,,,6.0
Ahmedabad,LSTM,B,19724.0,4209.0,70.0,0.4929,38.0,55.55,22.92,0.8369,,,,,,24.0
Chennai,LSTM,B,30857.0,6594.0,71.0,0.3147,17.8,28.62,62.24,1.1146,,,,,,1.0
Chennai,LSTM,B,30853.0,6594.0,71.0,0.2287,16.88,30.37,76.47,1.1203,,,,,,6.0
Chennai,LSTM,B,30841.0,6591.0,71.0,0.1019,18.03,32.77,62.51,1.1158,,,,,,24.0
Delhi_NCR,LSTM,B,54368.0,11632.0,72.0,0.8575,34.4,47.48,150.91,1.6543,,,,,,1.0
Delhi_NCR,LSTM,B,54364.0,11632.0,72.0,0.7771,45.13,59.37,119.97,1.6767,,,,,,6.0
Delhi_NCR,LSTM,B,54352.0,11628.0,72.0,0.7181,50.61,66.77,89.01,1.6805,,,,,,24.0
GandhiNagar,LSTM,B,41017.0,8772.0,70.0,0.5754,17.9,27.06,150.86,1.364,,,,,,1.0
GandhiNagar,LSTM,B,41014.0,8771.0,70.0,0.3597,23.12,33.23,90.44,1.3695,,,,,,6.0
GandhiNagar,LSTM,B,41001.0,8768.0,70.0,0.2893,24.78,35.01,67.41,1.1583,,,,,,24.0
Hyderabad,LSTM,B,76970.0,16476.0,72.0,0.4126,21.75,28.89,184.57,2.1669,,,,,,1.0
Hyderabad,LSTM,B,76966.0,16475.0,72.0,0.309,23.91,31.34,132.91,2.1499,,,,,,6.0
Hyderabad,LSTM,B,76954.0,16472.0,72.0,0.1189,26.39,35.39,288.94,2.1525,,,,,,24.0
Indore,LSTM,B,30519.0,6522.0,72.0,0.6938,24.43,38.75,93.1,1.1112,,,,,,1.0
Indore,LSTM,B,30516.0,6521.0,72.0,0.5628,28.2,46.3,65.53,1.1057,,,,,,6.0
Indore,LSTM,B,30503.0,6519.0,72.0,0.4918,31.23,49.93,41.42,1.1185,,,,,,24.0
Jaipur,LSTM,B,29600.0,6325.0,71.0,0.4619,28.72,45.18,103.75,1.09,,,,,,1.0
Jaipur,LSTM,B,29597.0,6324.0,71.0,0.3033,32.45,51.41,60.12,1.0913,,,,,,6.0
Jaipur,LSTM,B,29584.0,6322.0,71.0,0.171,38.03,56.09,52.99,1.1062,,,,,,24.0
Jodhpur,LSTM,B,30305.0,6476.0,71.0,-1.6234,104.31,147.34,109.83,1.1583,,,,,,1.0
Jodhpur,LSTM,B,30302.0,6475.0,71.0,-3.2363,132.47,187.19,45.57,1.1602,,,,,,6.0
Jodhpur,LSTM,B,30289.0,6473.0,71.0,-2.991,148.59,181.57,48.64,1.1671,,,,,,24.0
Mumbai,LSTM,B,38058.0,8138.0,72.0,0.5101,25.36,43.42,133.22,1.3716,,,,,,1.0
Mumbai,LSTM,B,38055.0,8137.0,72.0,0.3237,29.06,51.02,47.91,1.3302,,,,,,6.0
Mumbai,LSTM,B,38042.0,8134.0,72.0,0.1667,33.95,56.65,47.89,1.3245,,,,,,24.0
Mumbai_suburbs,LSTM,B,15112.0,3221.0,71.0,0.7201,17.42,25.72,35.4,0.7567,,,,,,1.0
Mumbai_suburbs,LSTM,B,15109.0,3220.0,71.0,0.65,19.94,28.76,35.61,0.78,,,,,,6.0
Mumbai_suburbs,LSTM,B,15096.0,3217.0,71.0,0.571,23.05,31.83,26.24,0.7646,,,,,,24.0
Nagpur,LSTM,B,56465.0,12082.0,70.0,0.796,20.0,29.67,220.7,1.7378,,,,,,1.0
Nagpur,LSTM,B,56461.0,12081.0,70.0,0.6899,25.55,36.59,102.47,1.7528,,,,,,6.0
Nagpur,LSTM,B,56449.0,12078.0,70.0,0.5953,29.83,41.79,69.35,1.7576,,,,,,24.0
Pune,LSTM,B,49301.0,10547.0,64.0,0.0031,55.38,82.11,54.5,1.569,,,,,,1.0
Pune,LSTM,B,49298.0,10545.0,64.0,-0.2515,70.67,92.01,54.74,1.5616,,,,,,6.0
Pune,LSTM,B,49285.0,10543.0,64.0,0.0078,55.42,81.94,157.57,1.5824,,,,,,24.0
Singrauli,LSTM,B,48629.0,10403.0,64.0,0.5853,47.1,69.42,154.68,1.5713,,,,,,1.0
Singrauli,LSTM,B,48626.0,10401.0,64.0,0.4402,57.77,80.65,98.82,1.5726,,,,,,6.0
Singrauli,LSTM,B,48613.0,10399.0,64.0,0.4121,58.95,82.67,98.74,1.5672,,,,,,24.0
Surat,LSTM,B,18278.0,3899.0,58.0,0.3205,42.18,73.73,41.66,0.8478,,,,,,1.0
Surat,LSTM,B,18274.0,3898.0,58.0,0.2255,45.79,78.72,48.15,0.8631,,,,,,6.0
Surat,LSTM,B,18262.0,3895.0,58.0,0.1871,55.54,80.59,35.27,0.838,,,,,,24.0
Thane,LSTM,B,14339.0,3055.0,71.0,0.692,18.38,26.51,31.99,0.744,,,,,,1.0
Thane,LSTM,B,14336.0,3054.0,71.0,0.6252,19.97,29.24,21.27,0.7261,,,,,,6.0
Thane,LSTM,B,14323.0,3052.0,71.0,0.4788,25.69,34.48,17.59,0.7304,,,,,,24.0
Vapi,LSTM,B,40774.0,8720.0,70.0,0.4518,39.92,56.69,91.01,1.352,,,,,,1.0
Vapi,LSTM,B,40771.0,8719.0,70.0,0.3742,44.01,60.57,54.57,1.3837,,,,,,6.0
Vapi,LSTM,B,40758.0,8716.0,70.0,0.1747,51.79,69.57,64.08,1.3727,,,,,,24.0
bhopal,LSTM,B,30435.0,6504.0,72.0,0.6789,28.63,44.61,62.56,1.1594,,,,,,1.0
bhopal,LSTM,B,30432.0,6503.0,72.0,0.6328,31.25,47.71,62.74,1.1333,,,,,,6.0
bhopal,LSTM,B,30419.0,6501.0,72.0,0.5799,35.65,51.01,37.44,1.1296,,,,,,24.0
vishakhapattanam,LSTM,B,24205.0,5169.0,72.0,0.6868,30.04,47.96,72.29,0.9862,,,,,,1.0
vishakhapattanam,LSTM,B,24201.0,5168.0,72.0,0.5926,35.89,54.7,44.37,0.9868,,,,,,6.0
vishakhapattanam,LSTM,B,24189.0,5165.0,72.0,0.4916,40.36,61.12,35.94,0.9695,,,,,,24.0
Ahmedabad,BiLSTM,B,19740.0,4212.0,70.0,0.6166,32.15,48.29,107.9,1.744,,,,,,1.0
Ahmedabad,BiLSTM,B,19737.0,4211.0,70.0,0.57,35.31,51.14,75.0,1.706,,,,,,6.0
Ahmedabad,BiLSTM,B,19724.0,4209.0,70.0,0.5272,36.36,53.64,84.9,1.66,,,,,,24.0
Chennai,BiLSTM,B,30857.0,6594.0,71.0,0.2927,17.93,29.08,178.0,2.177,,,,,,1.0
Chennai,BiLSTM,B,30853.0,6594.0,71.0,0.1571,19.46,31.75,147.0,2.214,,,,,,6.0
Chennai,BiLSTM,B,30841.0,6591.0,71.0,0.0691,18.4,33.37,133.6,2.107,,,,,,24.0
Delhi_NCR,BiLSTM,B,54368.0,11632.0,72.0,0.8601,33.95,47.03,332.6,3.03,,,,,,1.0
Delhi_NCR,BiLSTM,B,54364.0,11632.0,72.0,0.7683,45.53,60.54,234.2,2.998,,,,,,6.0
Delhi_NCR,BiLSTM,B,54352.0,11628.0,72.0,0.7066,49.09,68.12,144.9,3.146,,,,,,24.0
GandhiNagar,BiLSTM,B,41017.0,8772.0,70.0,0.5622,18.04,27.47,325.3,2.578,,,,,,1.0
GandhiNagar,BiLSTM,B,41014.0,8771.0,70.0,0.3764,22.78,32.79,218.3,2.58,,,,,,6.0
GandhiNagar,BiLSTM,B,41001.0,8768.0,70.0,0.3241,24.2,34.14,140.8,2.158,,,,,,24.0
Hyderabad,BiLSTM,B,76970.0,16476.0,72.0,0.4777,20.41,27.24,516.5,4.255,,,,,,1.0
Hyderabad,BiLSTM,B,76966.0,16475.0,72.0,0.4029,22.5,29.13,240.7,4.175,,,,,,6.0
Hyderabad,BiLSTM,B,76954.0,16472.0,72.0,0.3097,24.71,31.32,325.4,4.032,,,,,,24.0
Indore,BiLSTM,B,30519.0,6522.0,72.0,0.7021,23.76,38.22,181.1,2.132,,,,,,1.0
Indore,BiLSTM,B,30516.0,6521.0,72.0,0.5263,29.72,48.2,99.4,2.169,,,,,,6.0
Indore,BiLSTM,B,30503.0,6519.0,72.0,0.4956,31.55,49.74,108.0,2.09,,,,,,24.0
Jaipur,BiLSTM,B,29600.0,6325.0,71.0,0.486,28.43,44.16,180.7,2.078,,,,,,1.0
Jaipur,BiLSTM,B,29597.0,6324.0,71.0,0.2968,33.13,51.65,181.6,2.039,,,,,,6.0
Jaipur,BiLSTM,B,29584.0,6322.0,71.0,0.1669,37.96,56.23,131.9,2.164,,,,,,24.0
Jodhpur,BiLSTM,B,30305.0,6476.0,71.0,-3.1787,144.17,185.95,211.5,2.172,,,,,,1.0
Jodhpur,BiLSTM,B,30302.0,6475.0,71.0,-1.9181,119.98,155.36,106.2,2.183,,,,,,6.0
Jodhpur,BiLSTM,B,30289.0,6473.0,71.0,-2.7018,126.06,174.87,117.6,2.088,,,,,,24.0
Mumbai,BiLSTM,B,38058.0,8138.0,72.0,0.509,24.06,43.47,225.2,2.449,,,,,,1.0
Mumbai,BiLSTM,B,38055.0,8137.0,72.0,0.3005,30.37,51.89,152.1,2.476,,,,,,6.0
Mumbai,BiLSTM,B,38042.0,8134.0,72.0,0.2044,32.59,55.35,130.3,2.398,,,,,,24.0
Mumbai_suburbs,BiLSTM,B,15112.0,3221.0,71.0,0.7315,16.95,25.2,96.3,1.481,,,,,,1.0
Mumbai_suburbs,BiLSTM,B,15109.0,3220.0,71.0,0.6478,20.32,28.85,67.1,1.507,,,,,,6.0
Mumbai_suburbs,BiLSTM,B,15096.0,3217.0,71.0,0.5059,25.04,34.16,72.7,1.548,,,,,,24.0
Nagpur,BiLSTM,B,56465.0,12082.0,70.0,0.7859,20.13,30.4,387.5,3.126,,,,,,1.0
Nagpur,BiLSTM,B,56461.0,12081.0,70.0,0.6868,25.59,36.77,210.4,3.157,,,,,,6.0
Nagpur,BiLSTM,B,56449.0,12078.0,70.0,0.6232,28.62,40.33,220.8,3.296,,,,,,24.0
Pune,BiLSTM,B,49301.0,10547.0,64.0,-0.076,60.88,85.31,452.7,2.892,,,,,,1.0
Pune,BiLSTM,B,49298.0,10545.0,64.0,-0.0652,60.67,84.89,259.6,2.86,,,,,,6.0
Pune,BiLSTM,B,49285.0,10543.0,64.0,-0.201,65.09,90.14,302.3,2.857,,,,,,24.0
Singrauli,BiLSTM,B,48629.0,10403.0,64.0,0.5996,46.19,68.21,363.5,2.824,,,,,,1.0
Singrauli,BiLSTM,B,48626.0,10401.0,64.0,0.466,56.4,78.78,238.6,2.869,,,,,,6.0
Singrauli,BiLSTM,B,48613.0,10399.0,64.0,0.4024,61.07,83.34,205.9,2.83,,,,,,24.0
Surat,BiLSTM,B,18278.0,3899.0,58.0,0.2884,40.08,75.45,248.2,1.617,,,,,,1.0
Surat,BiLSTM,B,18274.0,3898.0,58.0,0.2258,44.78,78.7,121.4,1.601,,,,,,6.0
Surat,BiLSTM,B,18262.0,3895.0,58.0,0.1344,58.73,83.16,70.7,1.566,,,,,,24.0
Thane,BiLSTM,B,14339.0,3055.0,71.0,0.6722,19.06,27.35,50.0,1.43,,,,,,1.0
Thane,BiLSTM,B,14336.0,3054.0,71.0,0.6193,20.87,29.48,107.3,1.447,,,,,,6.0
Thane,BiLSTM,B,14323.0,3052.0,71.0,0.5298,23.71,32.75,89.4,1.501,,,,,,24.0
Vapi,BiLSTM,B,40774.0,8720.0,70.0,0.4508,39.86,56.74,262.7,2.522,,,,,,1.0
Vapi,BiLSTM,B,40771.0,8719.0,70.0,0.3889,43.16,59.86,172.2,2.529,,,,,,6.0
Vapi,BiLSTM,B,40758.0,8716.0,70.0,0.2086,50.57,68.12,150.4,2.501,,,,,,24.0
bhopal,BiLSTM,B,30435.0,6504.0,72.0,0.7051,28.37,42.75,125.4,2.176,,,,,,1.0
bhopal,BiLSTM,B,30432.0,6503.0,72.0,0.6242,31.65,48.26,126.2,2.109,,,,,,6.0
bhopal,BiLSTM,B,30419.0,6501.0,72.0,0.5938,35.19,50.16,116.7,2.199,,,,,,24.0
vishakhapattanam,BiLSTM,B,24205.0,5169.0,72.0,0.6975,29.52,47.13,143.6,1.947,,,,,,1.0
vishakhapattanam,BiLSTM,B,24201.0,5168.0,72.0,0.6183,35.33,52.95,89.2,1.904,,,,,,6.0
vishakhapattanam,BiLSTM,B,24189.0,5165.0,72.0,0.5153,39.48,59.68,85.8,1.832,,,,,,24.0
Ahmedabad,CNN-BiLSTM,B,19740.0,4212.0,70.0,0.6029,32.09,49.14,30.0,0.984,,,,,,1.0
Ahmedabad,CNN-BiLSTM,B,19737.0,4211.0,70.0,0.5836,34.0,50.33,31.7,0.932,,,,,,6.0
Ahmedabad,CNN-BiLSTM,B,19724.0,4209.0,70.0,0.4388,39.03,58.44,25.5,0.957,,,,,,24.0
Chennai,CNN-BiLSTM,B,30857.0,6594.0,71.0,0.373,15.74,27.38,69.8,1.194,,,,,,1.0
Chennai,CNN-BiLSTM,B,30853.0,6594.0,71.0,0.1411,18.63,32.05,39.2,1.245,,,,,,6.0
Chennai,CNN-BiLSTM,B,30841.0,6591.0,71.0,0.046,17.42,33.78,40.9,1.191,,,,,,24.0
Delhi_NCR,CNN-BiLSTM,B,54368.0,11632.0,72.0,0.8603,33.61,47.01,86.0,1.702,,,,,,1.0
Delhi_NCR,CNN-BiLSTM,B,54364.0,11632.0,72.0,0.7784,43.87,59.2,96.1,1.67,,,,,,6.0
Delhi_NCR,CNN-BiLSTM,B,54352.0,11628.0,72.0,0.7084,49.78,67.91,61.1,1.688,,,,,,24.0
GandhiNagar,CNN-BiLSTM,B,41017.0,8772.0,70.0,0.5648,17.67,27.4,80.7,1.402,,,,,,1.0
GandhiNagar,CNN-BiLSTM,B,41014.0,8771.0,70.0,0.3628,22.91,33.15,75.3,1.409,,,,,,6.0
GandhiNagar,CNN-BiLSTM,B,41001.0,8768.0,70.0,0.308,24.47,34.55,48.9,1.172,,,,,,24.0
Hyderabad,CNN-BiLSTM,B,76970.0,16476.0,72.0,0.4755,20.53,27.3,136.9,2.247,,,,,,1.0
Hyderabad,CNN-BiLSTM,B,76966.0,16475.0,72.0,0.4551,21.22,27.83,158.4,2.189,,,,,,6.0
Hyderabad,CNN-BiLSTM,B,76954.0,16472.0,72.0,0.3635,23.25,30.08,143.1,2.204,,,,,,24.0
Indore,CNN-BiLSTM,B,30519.0,6522.0,72.0,0.6718,24.71,40.11,59.3,1.19,,,,,,1.0
Indore,CNN-BiLSTM,B,30516.0,6521.0,72.0,0.5338,28.71,47.82,45.8,1.222,,,,,,6.0
Indore,CNN-BiLSTM,B,30503.0,6519.0,72.0,0.5145,31.26,48.8,57.2,1.213,,,,,,24.0
Jaipur,CNN-BiLSTM,B,29600.0,6325.0,71.0,0.4348,30.73,46.3,78.5,1.189,,,,,,1.0
Jaipur,CNN-BiLSTM,B,29597.0,6324.0,71.0,0.2912,32.9,51.86,46.8,1.215,,,,,,6.0
Jaipur,CNN-BiLSTM,B,29584.0,6322.0,71.0,0.1298,38.78,57.46,41.7,1.213,,,,,,24.0
Jodhpur,CNN-BiLSTM,B,30305.0,6476.0,71.0,-1.276,102.94,137.24,52.7,1.21,,,,,,1.0
Jodhpur,CNN-BiLSTM,B,30302.0,6475.0,71.0,-19.1984,355.85,408.75,40.9,1.218,,,,,,6.0
Jodhpur,CNN-BiLSTM,B,30289.0,6473.0,71.0,-1.9629,127.84,156.45,40.8,1.178,,,,,,24.0
Mumbai,CNN-BiLSTM,B,38058.0,8138.0,72.0,0.4846,26.98,44.54,72.2,1.372,,,,,,1.0
Mumbai,CNN-BiLSTM,B,38055.0,8137.0,72.0,0.3195,28.56,51.18,51.5,1.355,,,,,,6.0
Mumbai,CNN-BiLSTM,B,38042.0,8134.0,72.0,0.1998,32.89,55.51,45.3,1.388,,,,,,24.0
Mumbai_suburbs,CNN-BiLSTM,B,15112.0,3221.0,71.0,0.6797,18.47,27.52,38.9,0.864,,,,,,1.0
Mumbai_suburbs,CNN-BiLSTM,B,15109.0,3220.0,71.0,0.6483,20.07,28.83,33.8,0.909,,,,,,6.0
Mumbai_suburbs,CNN-BiLSTM,B,15096.0,3217.0,71.0,0.4696,25.72,35.39,25.8,0.862,,,,,,24.0
Nagpur,CNN-BiLSTM,B,56465.0,12082.0,70.0,0.798,19.63,29.53,137.2,1.763,,,,,,1.0
Nagpur,CNN-BiLSTM,B,56461.0,12081.0,70.0,0.6576,26.21,38.44,97.8,1.781,,,,,,6.0
Nagpur,CNN-BiLSTM,B,56449.0,12078.0,70.0,0.6239,28.44,40.29,79.0,1.79,,,,,,24.0
Pune,CNN-BiLSTM,B,49301.0,10547.0,64.0,-0.3214,69.26,94.54,110.6,1.597,,,,,,1.0
Pune,CNN-BiLSTM,B,49298.0,10545.0,64.0,-4.6833,142.48,196.08,73.0,1.66,,,,,,6.0
Pune,CNN-BiLSTM,B,49285.0,10543.0,64.0,-18.2229,280.83,360.64,52.7,1.622,,,,,,24.0
Singrauli,CNN-BiLSTM,B,48629.0,10403.0,64.0,0.6034,46.05,67.88,121.8,1.614,,,,,,1.0
Singrauli,CNN-BiLSTM,B,48626.0,10401.0,64.0,0.4513,56.73,79.85,68.5,1.657,,,,,,6.0
Singrauli,CNN-BiLSTM,B,48613.0,10399.0,64.0,0.4269,58.0,81.62,73.6,1.582,,,,,,24.0
Surat,CNN-BiLSTM,B,18278.0,3899.0,58.0,0.2649,42.5,76.68,38.4,0.945,,,,,,1.0
Surat,CNN-BiLSTM,B,18274.0,3898.0,58.0,0.2946,43.85,75.13,30.2,0.935,,,,,,6.0
Surat,CNN-BiLSTM,B,18262.0,3895.0,58.0,0.1599,52.99,81.93,34.4,0.921,,,,,,24.0
Thane,CNN-BiLSTM,B,14339.0,3055.0,71.0,0.7221,16.93,25.19,41.8,0.842,,,,,,1.0
Thane,CNN-BiLSTM,B,14336.0,3054.0,71.0,0.6086,20.77,29.89,34.3,0.854,,,,,,6.0
Thane,CNN-BiLSTM,B,14323.0,3052.0,71.0,0.5496,22.22,32.05,26.4,0.876,,,,,,24.0
Vapi,CNN-BiLSTM,B,40774.0,8720.0,70.0,0.3908,42.14,59.76,72.7,1.435,,,,,,1.0
Vapi,CNN-BiLSTM,B,40771.0,8719.0,70.0,0.3749,44.16,60.54,50.4,1.46,,,,,,6.0
Vapi,CNN-BiLSTM,B,40758.0,8716.0,70.0,0.1589,51.72,70.23,54.3,1.422,,,,,,24.0
bhopal,CNN-BiLSTM,B,30435.0,6504.0,72.0,0.7268,27.14,41.15,106.2,1.23,,,,,,1.0
bhopal,CNN-BiLSTM,B,30432.0,6503.0,72.0,0.654,30.28,46.31,51.5,1.202,,,,,,6.0
bhopal,CNN-BiLSTM,B,30419.0,6501.0,72.0,0.618,33.75,48.65,44.6,1.262,,,,,,24.0
vishakhapattanam,CNN-BiLSTM,B,24205.0,5169.0,72.0,0.6888,30.3,47.81,63.0,1.057,,,,,,1.0
vishakhapattanam,CNN-BiLSTM,B,24201.0,5168.0,72.0,0.5975,35.32,54.37,44.7,1.103,,,,,,6.0
vishakhapattanam,CNN-BiLSTM,B,24189.0,5165.0,72.0,0.4622,41.23,62.87,31.0,1.105,,,,,,24.0
